{"Version":"0.0.0","Data":{"Fires":"{\"Version\":\"0.0.0\",\"FiresPerStructureType\":{\"25\":[{\"PutOutChance\":2,\"Fuel\":0.0001,\"FuelDrainRate\":1.0},{\"PutOutChance\":2,\"Fuel\":0.0001,\"FuelDrainRate\":1.0},{\"PutOutChance\":2,\"Fuel\":0.0001,\"FuelDrainRate\":1.0},{\"PutOutChance\":2,\"Fuel\":0.0001,\"FuelDrainRate\":1.0},{\"PutOutChance\":2,\"Fuel\":0.0001,\"FuelDrainRate\":1.0},{\"PutOutChance\":2,\"Fuel\":0.0001,\"FuelDrainRate\":1.0},{\"PutOutChance\":2,\"Fuel\":0.0001,\"FuelDrainRate\":1.0},{\"PutOutChance\":2,\"Fuel\":0.0001,\"FuelDrainRate\":1.0},{\"PutOutChance\":2,\"Fuel\":0.0001,\"FuelDrainRate\":1.0},{\"PutOutChance\":2,\"Fuel\":0.0001,\"FuelDrainRate\":1.0},{\"PutOutChance\":2,\"Fuel\":0.0001,\"FuelDrainRate\":1.0},{\"PutOutChance\":2,\"Fuel\":0.0001,\"FuelDrainRate\":1.0},{\"PutOutChance\":2,\"Fuel\":0.0001,\"FuelDrainRate\":1.0}],\"32\":[{\"PutOutChance\":1,\"Fuel\":0.00463475846,\"FuelDrainRate\":1.0},{\"PutOutChance\":-1,\"Fuel\":0.009488394,\"FuelDrainRate\":1.0},{\"PutOutChance\":1,\"Fuel\":0.004231738,\"FuelDrainRate\":1.0},{\"PutOutChance\":-1,\"Fuel\":0.009823867,\"FuelDrainRate\":0.25},{\"Fuel\":0.007921349,\"FuelDrainRate\":0.25},{\"PutOutChance\":-1,\"Fuel\":0.00782045,\"FuelDrainRate\":0.25},{\"PutOutChance\":1,\"Fuel\":0.0001,\"FuelDrainRate\":1.0},{\"PutOutChance\":1,\"Fuel\":0.00639714953,\"FuelDrainRate\":1.0},{\"Fuel\":0.008376697,\"FuelDrainRate\":0.25},{\"PutOutChance\":1,\"Fuel\":300.0,\"FuelDrainRate\":0.25},{\"PutOutChance\":1,\"Fuel\":0.0039168736,\"FuelDrainRate\":1.0}]}}"}}