{"Version":"0.0.0","Data":{"FreeFormFreeLinksManager":"{\"_supportingStructuresData\":[{\"Structure\":{\"_typeId\":4,\"_instanceId\":111},\"List\":[{\"_typeId\":42,\"_instanceId\":3}]},{\"Structure\":{\"_typeId\":4,\"_instanceId\":114},\"List\":[{\"_typeId\":42,\"_instanceId\":2},{\"_typeId\":42,\"_instanceId\":5},{\"_typeId\":42,\"_instanceId\":9}]},{\"Structure\":{\"_typeId\":4,\"_instanceId\":120},\"List\":[{\"_typeId\":42,\"_instanceId\":1},{\"_typeId\":42,\"_instanceId\":4}]},{\"Structure\":{\"_typeId\":3,\"_instanceId\":488},\"List\":[{\"_typeId\":41,\"_instanceId\":15}]},{\"Structure\":{\"_typeId\":42,\"_instanceId\":1},\"List\":[{\"_typeId\":41,\"_instanceId\":15},{\"_typeId\":41,\"_instanceId\":30}]},{\"Structure\":{\"_typeId\":42,\"_instanceId\":2},\"List\":[{\"_typeId\":41,\"_instanceId\":2},{\"_typeId\":41,\"_instanceId\":31}]},{\"Structure\":{\"_typeId\":3,\"_instanceId\":498},\"List\":[{\"_typeId\":41,\"_instanceId\":2}]},{\"Structure\":{\"_typeId\":3,\"_instanceId\":482},\"List\":[{\"_typeId\":41,\"_instanceId\":4}]},{\"Structure\":{\"_typeId\":42,\"_instanceId\":3},\"List\":[{\"_typeId\":41,\"_instanceId\":4},{\"_typeId\":41,\"_instanceId\":32}]},{\"Structure\":{\"_typeId\":3,\"_instanceId\":410},\"List\":[{\"_typeId\":25,\"_instanceId\":6},{\"_typeId\":25,\"_instanceId\":7}]},{\"Structure\":{\"_typeId\":3,\"_instanceId\":474},\"List\":[{\"_typeId\":25,\"_instanceId\":7}]},{\"Structure\":{\"_typeId\":3,\"_instanceId\":411},\"List\":[{\"_typeId\":25,\"_instanceId\":7},{\"_typeId\":25,\"_instanceId\":8},{\"_typeId\":25,\"_instanceId\":9}]},{\"Structure\":{\"_typeId\":3,\"_instanceId\":381},\"List\":[{\"_typeId\":25,\"_instanceId\":9},{\"_typeId\":25,\"_instanceId\":10},{\"_typeId\":25,\"_instanceId\":11}]},{\"Structure\":{\"_typeId\":3,\"_instanceId\":382},\"List\":[{\"_typeId\":25,\"_instanceId\":11},{\"_typeId\":25,\"_instanceId\":12},{\"_typeId\":25,\"_instanceId\":13}]},{\"Structure\":{\"_typeId\":3,\"_instanceId\":464},\"List\":[{\"_typeId\":25,\"_instanceId\":11}]},{\"Structure\":{\"_typeId\":3,\"_instanceId\":416},\"List\":[{\"_typeId\":25,\"_instanceId\":13},{\"_typeId\":25,\"_instanceId\":14},{\"_typeId\":25,\"_instanceId\":15}]},{\"Structure\":{\"_typeId\":3,\"_instanceId\":479},\"List\":[{\"_typeId\":25,\"_instanceId\":13}]},{\"Structure\":{\"_typeId\":3,\"_instanceId\":413},\"List\":[{\"_typeId\":25,\"_instanceId\":15},{\"_typeId\":25,\"_instanceId\":16},{\"_typeId\":25,\"_instanceId\":17}]},{\"Structure\":{\"_typeId\":3,\"_instanceId\":518},\"List\":[{\"_typeId\":25,\"_instanceId\":15}]},{\"Structure\":{\"_typeId\":3,\"_instanceId\":414},\"List\":[{\"_typeId\":25,\"_instanceId\":17},{\"_typeId\":25,\"_instanceId\":18},{\"_typeId\":25,\"_instanceId\":19}]},{\"Structure\":{\"_typeId\":3,\"_instanceId\":519},\"List\":[{\"_typeId\":25,\"_instanceId\":17}]},{\"Structure\":{\"_typeId\":3,\"_instanceId\":417},\"List\":[{\"_typeId\":25,\"_instanceId\":19},{\"_typeId\":25,\"_instanceId\":20},{\"_typeId\":25,\"_instanceId\":21}]},{\"Structure\":{\"_typeId\":3,\"_instanceId\":517},\"List\":[{\"_typeId\":25,\"_instanceId\":19}]},{\"Structure\":{\"_typeId\":3,\"_instanceId\":415},\"List\":[{\"_typeId\":25,\"_instanceId\":21},{\"_typeId\":25,\"_instanceId\":23},{\"_typeId\":25,\"_instanceId\":4}]},{\"Structure\":{\"_typeId\":3,\"_instanceId\":508},\"List\":[{\"_typeId\":25,\"_instanceId\":21}]},{\"Structure\":{\"_typeId\":3,\"_instanceId\":419},\"List\":[{\"_typeId\":25,\"_instanceId\":23},{\"_typeId\":25,\"_instanceId\":24},{\"_typeId\":25,\"_instanceId\":25}]},{\"Structure\":{\"_typeId\":3,\"_instanceId\":516},\"List\":[{\"_typeId\":25,\"_instanceId\":23}]},{\"Structure\":{\"_typeId\":3,\"_instanceId\":418},\"List\":[{\"_typeId\":25,\"_instanceId\":25},{\"_typeId\":25,\"_instanceId\":27},{\"_typeId\":25,\"_instanceId\":5}]},{\"Structure\":{\"_typeId\":3,\"_instanceId\":444},\"List\":[{\"_typeId\":25,\"_instanceId\":25}]},{\"Structure\":{\"_typeId\":3,\"_instanceId\":412},\"List\":[{\"_typeId\":25,\"_instanceId\":27},{\"_typeId\":25,\"_instanceId\":22}]},{\"Structure\":{\"_typeId\":4,\"_instanceId\":139},\"List\":[{\"_typeId\":25,\"_instanceId\":28}]},{\"Structure\":{\"_typeId\":3,\"_instanceId\":402},\"List\":[{\"_typeId\":25,\"_instanceId\":22},{\"_typeId\":25,\"_instanceId\":29},{\"_typeId\":25,\"_instanceId\":30}]},{\"Structure\":{\"_typeId\":3,\"_instanceId\":492},\"List\":[{\"_typeId\":25,\"_instanceId\":22}]},{\"Structure\":{\"_typeId\":3,\"_instanceId\":495},\"List\":[{\"_typeId\":25,\"_instanceId\":30}]},{\"Structure\":{\"_typeId\":3,\"_instanceId\":485},\"List\":[{\"_typeId\":25,\"_instanceId\":32},{\"_typeId\":25,\"_instanceId\":33},{\"_typeId\":25,\"_instanceId\":34}]},{\"Structure\":{\"_typeId\":3,\"_instanceId\":487},\"List\":[{\"_typeId\":25,\"_instanceId\":30},{\"_typeId\":25,\"_instanceId\":31},{\"_typeId\":25,\"_instanceId\":32}]},{\"Structure\":{\"_typeId\":4,\"_instanceId\":140},\"List\":[{\"_typeId\":42,\"_instanceId\":6}]},{\"Structure\":{\"_typeId\":4,\"_instanceId\":150},\"List\":[{\"_typeId\":42,\"_instanceId\":7}]},{\"Structure\":{\"_typeId\":4,\"_instanceId\":152},\"List\":[{\"_typeId\":42,\"_instanceId\":8}]},{\"Structure\":{\"_typeId\":42,\"_instanceId\":6},\"List\":[{\"_typeId\":41,\"_instanceId\":25}]},{\"Structure\":{\"_typeId\":3,\"_instanceId\":470},\"List\":[{\"_typeId\":41,\"_instanceId\":25}]},{\"Structure\":{\"_typeId\":3,\"_instanceId\":449},\"List\":[{\"_typeId\":25,\"_instanceId\":32}]},{\"Structure\":{\"_typeId\":3,\"_instanceId\":484},\"List\":[{\"_typeId\":25,\"_instanceId\":34},{\"_typeId\":25,\"_instanceId\":26},{\"_typeId\":25,\"_instanceId\":35}]},{\"Structure\":{\"_typeId\":3,\"_instanceId\":491},\"List\":[{\"_typeId\":25,\"_instanceId\":35}]},{\"Structure\":{\"_typeId\":3,\"_instanceId\":384},\"List\":[{\"_typeId\":25,\"_instanceId\":35},{\"_typeId\":25,\"_instanceId\":2}]},{\"Structure\":{\"_typeId\":4,\"_instanceId\":113},\"List\":[{\"_typeId\":42,\"_instanceId\":10}]},{\"Structure\":{\"_typeId\":42,\"_instanceId\":5},\"List\":[{\"_typeId\":41,\"_instanceId\":31}]},{\"Structure\":{\"_typeId\":42,\"_instanceId\":4},\"List\":[{\"_typeId\":41,\"_instanceId\":30}]},{\"Structure\":{\"_typeId\":42,\"_instanceId\":9},\"List\":[{\"_typeId\":41,\"_instanceId\":32},{\"_typeId\":41,\"_instanceId\":13}]},{\"Structure\":{\"_typeId\":42,\"_instanceId\":10},\"List\":[{\"_typeId\":41,\"_instanceId\":13}]}],\"_supportedByStructuresData\":[{\"Structure\":{\"_typeId\":42,\"_instanceId\":3},\"List\":[{\"_typeId\":4,\"_instanceId\":111}]},{\"Structure\":{\"_typeId\":42,\"_instanceId\":2},\"List\":[{\"_typeId\":4,\"_instanceId\":114}]},{\"Structure\":{\"_typeId\":42,\"_instanceId\":1},\"List\":[{\"_typeId\":4,\"_instanceId\":120}]},{\"Structure\":{\"_typeId\":41,\"_instanceId\":15},\"List\":[{\"_typeId\":42,\"_instanceId\":1},{\"_typeId\":3,\"_instanceId\":488}]},{\"Structure\":{\"_typeId\":42,\"_instanceId\":5},\"List\":[{\"_typeId\":4,\"_instanceId\":114}]},{\"Structure\":{\"_typeId\":42,\"_instanceId\":4},\"List\":[{\"_typeId\":4,\"_instanceId\":120}]},{\"Structure\":{\"_typeId\":41,\"_instanceId\":2},\"List\":[{\"_typeId\":42,\"_instanceId\":2},{\"_typeId\":3,\"_instanceId\":498}]},{\"Structure\":{\"_typeId\":41,\"_instanceId\":4},\"List\":[{\"_typeId\":42,\"_instanceId\":3},{\"_typeId\":3,\"_instanceId\":482}]},{\"Structure\":{\"_typeId\":25,\"_instanceId\":6},\"List\":[{\"_typeId\":3,\"_instanceId\":410}]},{\"Structure\":{\"_typeId\":25,\"_instanceId\":7},\"List\":[{\"_typeId\":3,\"_instanceId\":474},{\"_typeId\":3,\"_instanceId\":411},{\"_typeId\":3,\"_instanceId\":410}]},{\"Structure\":{\"_typeId\":25,\"_instanceId\":8},\"List\":[{\"_typeId\":3,\"_instanceId\":411}]},{\"Structure\":{\"_typeId\":25,\"_instanceId\":9},\"List\":[{\"_typeId\":3,\"_instanceId\":381},{\"_typeId\":3,\"_instanceId\":411}]},{\"Structure\":{\"_typeId\":25,\"_instanceId\":10},\"List\":[{\"_typeId\":3,\"_instanceId\":381}]},{\"Structure\":{\"_typeId\":25,\"_instanceId\":11},\"List\":[{\"_typeId\":3,\"_instanceId\":382},{\"_typeId\":3,\"_instanceId\":464},{\"_typeId\":3,\"_instanceId\":381}]},{\"Structure\":{\"_typeId\":25,\"_instanceId\":12},\"List\":[{\"_typeId\":3,\"_instanceId\":382}]},{\"Structure\":{\"_typeId\":25,\"_instanceId\":13},\"List\":[{\"_typeId\":3,\"_instanceId\":416},{\"_typeId\":3,\"_instanceId\":479},{\"_typeId\":3,\"_instanceId\":382}]},{\"Structure\":{\"_typeId\":25,\"_instanceId\":14},\"List\":[{\"_typeId\":3,\"_instanceId\":416}]},{\"Structure\":{\"_typeId\":25,\"_instanceId\":15},\"List\":[{\"_typeId\":3,\"_instanceId\":413},{\"_typeId\":3,\"_instanceId\":518},{\"_typeId\":3,\"_instanceId\":416}]},{\"Structure\":{\"_typeId\":25,\"_instanceId\":16},\"List\":[{\"_typeId\":3,\"_instanceId\":413}]},{\"Structure\":{\"_typeId\":25,\"_instanceId\":17},\"List\":[{\"_typeId\":3,\"_instanceId\":414},{\"_typeId\":3,\"_instanceId\":519},{\"_typeId\":3,\"_instanceId\":413}]},{\"Structure\":{\"_typeId\":25,\"_instanceId\":18},\"List\":[{\"_typeId\":3,\"_instanceId\":414}]},{\"Structure\":{\"_typeId\":25,\"_instanceId\":19},\"List\":[{\"_typeId\":3,\"_instanceId\":417},{\"_typeId\":3,\"_instanceId\":517},{\"_typeId\":3,\"_instanceId\":414}]},{\"Structure\":{\"_typeId\":25,\"_instanceId\":20},\"List\":[{\"_typeId\":3,\"_instanceId\":417}]},{\"Structure\":{\"_typeId\":25,\"_instanceId\":21},\"List\":[{\"_typeId\":3,\"_instanceId\":415},{\"_typeId\":3,\"_instanceId\":508},{\"_typeId\":3,\"_instanceId\":417}]},{\"Structure\":{\"_typeId\":25,\"_instanceId\":31},\"List\":[{\"_typeId\":3,\"_instanceId\":487}]},{\"Structure\":{\"_typeId\":25,\"_instanceId\":23},\"List\":[{\"_typeId\":3,\"_instanceId\":419},{\"_typeId\":3,\"_instanceId\":516},{\"_typeId\":3,\"_instanceId\":415}]},{\"Structure\":{\"_typeId\":25,\"_instanceId\":24},\"List\":[{\"_typeId\":3,\"_instanceId\":419}]},{\"Structure\":{\"_typeId\":25,\"_instanceId\":25},\"List\":[{\"_typeId\":3,\"_instanceId\":418},{\"_typeId\":3,\"_instanceId\":444},{\"_typeId\":3,\"_instanceId\":419}]},{\"Structure\":{\"_typeId\":25,\"_instanceId\":35},\"List\":[{\"_typeId\":3,\"_instanceId\":484},{\"_typeId\":3,\"_instanceId\":491},{\"_typeId\":3,\"_instanceId\":384}]},{\"Structure\":{\"_typeId\":25,\"_instanceId\":27},\"List\":[{\"_typeId\":3,\"_instanceId\":412},{\"_typeId\":3,\"_instanceId\":418}]},{\"Structure\":{\"_typeId\":25,\"_instanceId\":28},\"List\":[{\"_typeId\":4,\"_instanceId\":139}]},{\"Structure\":{\"_typeId\":25,\"_instanceId\":22},\"List\":[{\"_typeId\":3,\"_instanceId\":402},{\"_typeId\":3,\"_instanceId\":412},{\"_typeId\":3,\"_instanceId\":492}]},{\"Structure\":{\"_typeId\":25,\"_instanceId\":30},\"List\":[{\"_typeId\":3,\"_instanceId\":487},{\"_typeId\":3,\"_instanceId\":402},{\"_typeId\":3,\"_instanceId\":495}]},{\"Structure\":{\"_typeId\":25,\"_instanceId\":29},\"List\":[{\"_typeId\":3,\"_instanceId\":402}]},{\"Structure\":{\"_typeId\":42,\"_instanceId\":6},\"List\":[{\"_typeId\":4,\"_instanceId\":140}]},{\"Structure\":{\"_typeId\":42,\"_instanceId\":7},\"List\":[{\"_typeId\":4,\"_instanceId\":150}]},{\"Structure\":{\"_typeId\":42,\"_instanceId\":8},\"List\":[{\"_typeId\":4,\"_instanceId\":152}]},{\"Structure\":{\"_typeId\":41,\"_instanceId\":25},\"List\":[{\"_typeId\":42,\"_instanceId\":6},{\"_typeId\":3,\"_instanceId\":470}]},{\"Structure\":{\"_typeId\":25,\"_instanceId\":32},\"List\":[{\"_typeId\":3,\"_instanceId\":485},{\"_typeId\":3,\"_instanceId\":487},{\"_typeId\":3,\"_instanceId\":449}]},{\"Structure\":{\"_typeId\":25,\"_instanceId\":33},\"List\":[{\"_typeId\":3,\"_instanceId\":485}]},{\"Structure\":{\"_typeId\":25,\"_instanceId\":34},\"List\":[{\"_typeId\":3,\"_instanceId\":485},{\"_typeId\":3,\"_instanceId\":484}]},{\"Structure\":{\"_typeId\":25,\"_instanceId\":26},\"List\":[{\"_typeId\":3,\"_instanceId\":484}]},{\"Structure\":{\"_typeId\":25,\"_instanceId\":2},\"List\":[{\"_typeId\":3,\"_instanceId\":384}]},{\"Structure\":{\"_typeId\":25,\"_instanceId\":4},\"List\":[{\"_typeId\":3,\"_instanceId\":415}]},{\"Structure\":{\"_typeId\":25,\"_instanceId\":5},\"List\":[{\"_typeId\":3,\"_instanceId\":418}]},{\"Structure\":{\"_typeId\":42,\"_instanceId\":9},\"List\":[{\"_typeId\":4,\"_instanceId\":114}]},{\"Structure\":{\"_typeId\":41,\"_instanceId\":13},\"List\":[{\"_typeId\":42,\"_instanceId\":10},{\"_typeId\":42,\"_instanceId\":9}]},{\"Structure\":{\"_typeId\":41,\"_instanceId\":30},\"List\":[{\"_typeId\":42,\"_instanceId\":4},{\"_typeId\":42,\"_instanceId\":1}]},{\"Structure\":{\"_typeId\":42,\"_instanceId\":10},\"List\":[{\"_typeId\":4,\"_instanceId\":113}]},{\"Structure\":{\"_typeId\":41,\"_instanceId\":31},\"List\":[{\"_typeId\":42,\"_instanceId\":5},{\"_typeId\":42,\"_instanceId\":2}]},{\"Structure\":{\"_typeId\":41,\"_instanceId\":32},\"List\":[{\"_typeId\":42,\"_instanceId\":9},{\"_typeId\":42,\"_instanceId\":3}]}]}"}}