{"Version":"0.0.0","Data":{"FreeFormStructureLinkerManager":"{\"Version\":\"1.2.0\",\"_nodeLinkersData\":[],\"_builtLinkersData\":[null,null,null,null,null,null,null,null,null,null,null,null,null,null,null,null,null,null,null,null,{\"_typeId\":2,\"_instanceId\":8},{\"_typeId\":2,\"_instanceId\":9},{\"_typeId\":2,\"_instanceId\":11},{\"_typeId\":2,\"_instanceId\":46},{\"_typeId\":2,\"_instanceId\":38},{\"_typeId\":2,\"_instanceId\":39},{\"_typeId\":2,\"_instanceId\":40},{\"_typeId\":2,\"_instanceId\":57},{\"_typeId\":2,\"_instanceId\":59},{\"_typeId\":2,\"_instanceId\":61},{\"_typeId\":2,\"_instanceId\":62},{\"_typeId\":2,\"_instanceId\":45},{\"_typeId\":2,\"_instanceId\":3},{\"_typeId\":2,\"_instanceId\":72},{\"_typeId\":2,\"_instanceId\":13},{\"_typeId\":2,\"_instanceId\":35},{\"_typeId\":2,\"_instanceId\":27},{\"_typeId\":2,\"_instanceId\":25},{\"_typeId\":2,\"_instanceId\":69},{\"_typeId\":2,\"_instanceId\":48},{\"_typeId\":2,\"_instanceId\":31},{\"_typeId\":2,\"_instanceId\":17},{\"_typeId\":2,\"_instanceId\":32},{\"_typeId\":2,\"_instanceId\":68},{\"_typeId\":2,\"_instanceId\":26},{\"_typeId\":2,\"_instanceId\":53},{\"_typeId\":9,\"_instanceId\":27},{\"_typeId\":9,\"_instanceId\":28},{\"_typeId\":3,\"_instanceId\":77},{\"_typeId\":9,\"_instanceId\":29},{\"_typeId\":3,\"_instanceId\":87},{\"_typeId\":9,\"_instanceId\":31},{\"_typeId\":9,\"_instanceId\":32},{\"_typeId\":9,\"_instanceId\":33},{\"_typeId\":3,\"_instanceId\":76},{\"_typeId\":9,\"_instanceId\":15},{\"_typeId\":9,\"_instanceId\":35},{\"_typeId\":9,\"_instanceId\":24},{\"_typeId\":9,\"_instanceId\":25},{\"_typeId\":2,\"_instanceId\":28},{\"_typeId\":2,\"_instanceId\":76},null,null,null,null,null,{\"_typeId\":2,\"_instanceId\":100},{\"_typeId\":2,\"_instanceId\":54},{\"_typeId\":2,\"_instanceId\":26},{\"_typeId\":2,\"_instanceId\":68},{\"_typeId\":2,\"_instanceId\":32},{\"_typeId\":9,\"_instanceId\":26},{\"_typeId\":2,\"_instanceId\":35},null,null,{\"_typeId\":4,\"_instanceId\":93},null,null,null,null,null,null,null,null,{\"_typeId\":2,\"_instanceId\":45},{\"_typeId\":2,\"_instanceId\":177},{\"_typeId\":4,\"_instanceId\":88},null,{\"_typeId\":2,\"_instanceId\":160},null,null,null,null,null,null,{\"_typeId\":2,\"_instanceId\":244},null,{\"_typeId\":2,\"_instanceId\":204},null,null,null,null,null,null,null,{\"_typeId\":6,\"_instanceId\":1},{\"_typeId\":2,\"_instanceId\":169},null,null,null,null,null,null,null,null,{\"_typeId\":3,\"_instanceId\":582},{\"_typeId\":5,\"_instanceId\":36},{\"_typeId\":4,\"_instanceId\":138},{\"_typeId\":3,\"_instanceId\":127},{\"_typeId\":3,\"_instanceId\":117},{\"_typeId\":3,\"_instanceId\":582},null,{\"_typeId\":2,\"_instanceId\":212},null,null,null,{\"_typeId\":2,\"_instanceId\":279},null,{\"_typeId\":2,\"_instanceId\":279},{\"_typeId\":3,\"_instanceId\":614},{\"_typeId\":3,\"_instanceId\":642},{\"_typeId\":3,\"_instanceId\":647},{\"_typeId\":3,\"_instanceId\":643},null,null,null,{\"_typeId\":5,\"_instanceId\":40},{\"_typeId\":2,\"_instanceId\":270},{\"_typeId\":8,\"_instanceId\":12},{\"_typeId\":4,\"_instanceId\":107},{\"_typeId\":3,\"_instanceId\":338},{\"_typeId\":3,\"_instanceId\":598},{\"_typeId\":3,\"_instanceId\":591},{\"_typeId\":3,\"_instanceId\":595},{\"_typeId\":3,\"_instanceId\":431},{\"_typeId\":3,\"_instanceId\":593},{\"_typeId\":3,\"_instanceId\":597},{\"_typeId\":3,\"_instanceId\":594},{\"_typeId\":3,\"_instanceId\":588},{\"_typeId\":3,\"_instanceId\":610},{\"_typeId\":3,\"_instanceId\":606},{\"_typeId\":3,\"_instanceId\":609},{\"_typeId\":3,\"_instanceId\":274},{\"_typeId\":3,\"_instanceId\":603},{\"_typeId\":3,\"_instanceId\":608},{\"_typeId\":3,\"_instanceId\":613},{\"_typeId\":3,\"_instanceId\":612},null,null,null,null]}"}}