{"Version":"0.0.0","Data":{"FreeFormTreeStructures":"{\"Version\":\"0.0.1\",\"_treeStructureData\":[{\"_locatorId\":\"0592E0FFDAEA0500FDBB2800\"},{\"_locatorId\":\"0592E0FFDAEA0500FDBB2800\"},{\"_locatorId\":\"0592E0FFDAEA0500FDBB2800\"},{\"_locatorId\":\"0592E0FFDAEA0500FDBB2800\"},{\"_locatorId\":\"34B0E2FF7E42050073BF2B00\"},{\"_locatorId\":\"34B0E2FF7E42050073BF2B00\"},{\"_locatorId\":\"34B0E2FF7E42050073BF2B00\"},{\"_locatorId\":\"34B0E2FF7E42050073BF2B00\"},{\"_locatorId\":\"07BAE8FF5A4A0D00C3EC1A00\"},{\"_locatorId\":\"07BAE8FF5A4A0D00C3EC1A00\"},{\"_locatorId\":\"07BAE8FF5A4A0D00C3EC1A00\"},{\"_locatorId\":\"07BAE8FF5A4A0D00C3EC1A00\"},{\"_locatorId\":\"FDF8E5FF75D309004EB11F00\"},{\"_locatorId\":\"FDF8E5FF75D309004EB11F00\"},{\"_locatorId\":\"FDF8E5FF75D309004EB11F00\"},{\"_locatorId\":\"FDF8E5FF75D309004EB11F00\"},{\"_locatorId\":\"85E5DEFF0CB9050098942000\"},{\"_locatorId\":\"85E5DEFF0CB9050098942000\"},{\"_locatorId\":\"85E5DEFF0CB9050098942000\"},{\"_locatorId\":\"85E5DEFF0CB9050098942000\"},{\"_locatorId\":\"877FE7FF6EED0900BCFF1F00\"},{\"_locatorId\":\"877FE7FF6EED0900BCFF1F00\"},{\"_locatorId\":\"877FE7FF6EED0900BCFF1F00\"},{\"_locatorId\":\"877FE7FF6EED0900BCFF1F00\"}]}"}}