{"Version":"0.0.0","Data":{"GameSetup":"{\"_settings\":[{\"Name\":\"Mode\",\"SettingType\":3,\"StringValue\":\"Custom\"},{\"Name\":\"UID\",\"SettingType\":3,\"StringValue\":\"5184c855527e4b4cbc0082b69d477dd4\"},{\"Name\":\"GameSetting.Multiplayer.Cheats\"},{\"Name\":\"GameSetting.Multiplayer.PvpDamage\",\"SettingType\":3,\"StringValue\":\"Normal\"},{\"Name\":\"GameSetting.Vail.EnemyHealth\",\"SettingType\":3,\"StringValue\":\"High\"},{\"Name\":\"GameSetting.Vail.EnemyDamage\",\"SettingType\":3,\"StringValue\":\"High\"},{\"Name\":\"GameSetting.Vail.EnemyArmour\",\"SettingType\":3,\"StringValue\":\"High\"},{\"Name\":\"GameSetting.Vail.EnemyAggression\",\"SettingType\":3,\"StringValue\":\"High\"},{\"Name\":\"GameSetting.Vail.EnemySearchParties\",\"SettingType\":3,\"StringValue\":\"High\"},{\"Name\":\"GameSetting.Vail.AnimalSpawnRate\",\"SettingType\":3,\"StringValue\":\"High\"},{\"Name\":\"GameSetting.Environment.SeasonLength\",\"SettingType\":3,\"StringValue\":\"Long\"},{\"Name\":\"GameSetting.Environment.DayLength\",\"SettingType\":3,\"StringValue\":\"Long\"},{\"Name\":\"GameSetting.Environment.PrecipitationFrequency\",\"SettingType\":3,\"StringValue\":\"Default\"}],\"name\":\"\"}"}}