{"Version":"0.0.0","Data":{"GameState":"{\"Version\":\"1.0.0\",\"GameName\":\"Custom 11 Days 10:42:40\",\"SaveTime\":\"2025-01-28T19:04:57.7031951+07:00\",\"GameType\":\"Custom\",\"GameId\":\"20a5f56b-4e50-4393-bc25-66c691bfadc9\",\"GameDays\":11,\"GameHours\":10,\"GameMinutes\":42,\"GameSeconds\":46,\"GameMilliseconds\":755,\"CrashSite\":\"ocean\",\"NamedIntDatas\":[{\"SaveObjectNameId\":\"Endgame.StayedOnIsland\"},{\"SaveObjectNameId\":\"Endgame.CoreGameCompleted\"},{\"SaveObjectNameId\":\"LuxuryBunker.HellDoorCaveEntrance\"},{\"SaveObjectNameId\":\"SonsStorySpots.WoodenCrateItems.AZZ\"},{\"SaveObjectNameId\":\"SonsStorySpots.WoodenCrateItems.BBN\"},{\"SaveObjectNameId\":\"SonsStorySpots.WoodenCrateItems.BAD\"},{\"SaveObjectNameId\":\"SonsStorySpots.WoodenCrateItems.BBP\"},{\"SaveObjectNameId\":\"SonsStorySpots.WoodenCrateItems.BBO\"},{\"SaveObjectNameId\":\"SonsStorySpots.WoodenCrateItems.BBL\"},{\"SaveObjectNameId\":\"SonsStorySpots.WoodenCrateItems.BAB\"},{\"SaveObjectNameId\":\"SonsStorySpots.WoodenCrateItems.BBY\"},{\"SaveObjectNameId\":\"TacticalGpsLocator.002\"},{\"SaveObjectNameId\":\"TacticalGpsLocator.005\"},{\"SaveObjectNameId\":\"TacticalGpsLocator.000\"},{\"SaveObjectNameId\":\"TacticalGpsLocator.003\"},{\"SaveObjectNameId\":\"TacticalGpsLocator.001\"},{\"SaveObjectNameId\":\"TacticalGpsLocator.004\"},{\"SaveObjectNameId\":\"SonsStorySpots.WoodenCrateItems.BBF\"},{\"SaveObjectNameId\":\"SonsStorySpots.WoodenCrateItems.BAC\"},{\"SaveObjectNameId\":\"SonsStorySpots.SuitcaseItems.AUH\"},{\"SaveObjectNameId\":\"SonsStorySpots.WoodenCrateItems.BBQ\"},{\"SaveObjectNameId\":\"WorkerGpsLocator.000\"},{\"SaveObjectNameId\":\"WorkerGpsLocator.002\"},{\"SaveObjectNameId\":\"WorkerGpsLocator.001\"},{\"SaveObjectNameId\":\"WorkerGpsLocator.005\"},{\"SaveObjectNameId\":\"WorkerGpsLocator.003\"},{\"SaveObjectNameId\":\"WorkerGpsLocator.006\",\"SaveValue\":1},{\"SaveObjectNameId\":\"WorkerGpsLocator.004\"},{\"SaveObjectNameId\":\"SonsStorySpots.SuitcaseItems.AUG\"},{\"SaveObjectNameId\":\"SonsStorySpots.WoodenCrateItems.BBG\"},{\"SaveObjectNameId\":\"SonsStorySpots.WoodenCrateItems.BBR\"},{\"SaveObjectNameId\":\"LightningPOI.001\"},{\"SaveObjectNameId\":\"LightningPOI.005\"},{\"SaveObjectNameId\":\"LightningPOI.002\"},{\"SaveObjectNameId\":\"LightningPOI.003\"},{\"SaveObjectNameId\":\"LightningPOI.006\"},{\"SaveObjectNameId\":\"LightningPOI.004\"},{\"SaveObjectNameId\":\"SonsStorySpots.BasicStorageCrateItems.AGQ\"},{\"SaveObjectNameId\":\"SonsStorySpots.BasicStorageCrateItems.AJF\"},{\"SaveObjectNameId\":\"BuriedTacticalGpsPickedUp\",\"SaveValue\":1},{\"SaveObjectNameId\":\"Tactical.GraveA\",\"SaveValue\":1},{\"SaveObjectNameId\":\"RaftTacticalFound\",\"SaveValue\":1},{\"SaveObjectNameId\":\"HangingTacticalFound\",\"SaveValue\":1},{\"SaveObjectNameId\":\"BuriedTacticalFound\",\"SaveValue\":1},{\"SaveObjectNameId\":\"HangingTacticalGpsPickedUp\",\"SaveValue\":1},{\"SaveObjectNameId\":\"RaftTacticalGpsPickeUp\",\"SaveValue\":1},{\"SaveObjectNameId\":\"SonsMainCharacterSpawns.WoodenCrateItems.AAA\"},{\"SaveObjectNameId\":\"SonsMainCharacterSpawns.WoodenCrateItems.AAB\"},{\"SaveObjectNameId\":\"BunkerA.EntranceHatch\",\"SaveValue\":3},{\"SaveObjectNameId\":\"BunkerB.EntranceHatch\"},{\"SaveObjectNameId\":\"BunkerC.EntranceHatch\"},{\"SaveObjectNameId\":\"EntertainmentBunker.HallwayTimmy\"},{\"SaveObjectNameId\":\"OceanCrashPickups.BasicStorageCrateItems.AAA\",\"SaveValue\":1},{\"SaveObjectNameId\":\"OceanCrashPickups.BasicStorageCrateItems.AAC\",\"SaveValue\":1},{\"SaveObjectNameId\":\"OceanCrashPickups.Meds.AAD\",\"SaveValue\":1},{\"SaveObjectNameId\":\"OceanCrashPickups.Meds.AAE\",\"SaveValue\":1},{\"SaveObjectNameId\":\"OceanCrashPickups.Meds.AAF\",\"SaveValue\":1},{\"SaveObjectNameId\":\"OceanCrashPickups.GrenadeCase.AAG\",\"SaveValue\":1},{\"SaveObjectNameId\":\"OceanCrashPickups.AmmoCase.AAH\",\"SaveValue\":1},{\"SaveObjectNameId\":\"OceanCrashPickups.AmmoCase.AAI\",\"SaveValue\":1},{\"SaveObjectNameId\":\"OceanCrashPickups.AmmoCase.AAJ\"},{\"SaveObjectNameId\":\"OceanCrashPickups.FlaresCase.AAK\",\"SaveValue\":1},{\"SaveObjectNameId\":\"SonsStorySpots.BasicStorageCrateItems.AIC\",\"SaveValue\":1},{\"SaveObjectNameId\":\"SonsStorySpots.BasicStorageCrateItems.AJV\",\"SaveValue\":1},{\"SaveObjectNameId\":\"SonsStorySpots.BasicStorageCrateItems.APA\",\"SaveValue\":1},{\"SaveObjectNameId\":\"SonsStorySpots.BasicStorageCrateItems.ANS\"},{\"SaveObjectNameId\":\"SonsStorySpots.WoodenCrateItems.ANZ\"},{\"SaveObjectNameId\":\"SonsStorySpots.AmmoCase.ALB\"},{\"SaveObjectNameId\":\"SonsStorySpots.BasicStorageCrateItems.AVG\"},{\"SaveObjectNameId\":\"SonsStorySpots.BasicStorageCrateItems.AVQ\",\"SaveValue\":1},{\"SaveObjectNameId\":\"SonsStorySpots.Meds.AEY\"},{\"SaveObjectNameId\":\"SonsStorySpots.WoodenCrateItems.ADW\",\"SaveValue\":1},{\"SaveObjectNameId\":\"SonsStorySpots.WoodenCrateItems.ANT\",\"SaveValue\":1},{\"SaveObjectNameId\":\"SonsStorySpots.GraveItems.AOX\",\"SaveValue\":1},{\"SaveObjectNameId\":\"SonsStorySpots.BasicStorageCrateItems.ADV\",\"SaveValue\":1},{\"SaveObjectNameId\":\"SonsStorySpots.BasicStorageCrateItems.AOC\",\"SaveValue\":1},{\"SaveObjectNameId\":\"SonsStorySpots.GrenadeCase.AQF\",\"SaveValue\":1},{\"SaveObjectNameId\":\"SonsStorySpots.GrenadeCase.AQO\",\"SaveValue\":1},{\"SaveObjectNameId\":\"SonsStorySpots.GraveItems.ALP\"},{\"SaveObjectNameId\":\"SonsStorySpots.WoodenCrateItems.AAK\",\"SaveValue\":1},{\"SaveObjectNameId\":\"SonsStorySpots.WoodenCrateItems.AGB\",\"SaveValue\":1},{\"SaveObjectNameId\":\"SonsStorySpots.WoodenCrateItems.AIQ\",\"SaveValue\":1},{\"SaveObjectNameId\":\"SonsStorySpots.WoodenCrateItems.ALO\",\"SaveValue\":1},{\"SaveObjectNameId\":\"DyingTacticalA.000\",\"SaveValue\":1},{\"SaveObjectNameId\":\"SonsStorySpots.BasicStorageCrateItems.AEK\",\"SaveValue\":1},{\"SaveObjectNameId\":\"SonsStorySpots.BasicStorageCrateItems.AGU\",\"SaveValue\":1},{\"SaveObjectNameId\":\"SonsStorySpots.BasicStorageCrateItems.AMV\",\"SaveValue\":1},{\"SaveObjectNameId\":\"SonsStorySpots.BasicStorageCrateItems.APD\",\"SaveValue\":1},{\"SaveObjectNameId\":\"SonsStorySpots.FlaresCase.AJC\",\"SaveValue\":1},{\"SaveObjectNameId\":\"SonsStorySpots.GrenadeCase.ADL\",\"SaveValue\":1},{\"SaveObjectNameId\":\"SonsStorySpots.AmmoCase.ARL\",\"SaveValue\":1},{\"SaveObjectNameId\":\"SonsStorySpots.BasicStorageCrateItems.ADU\",\"SaveValue\":1},{\"SaveObjectNameId\":\"SonsStorySpots.BasicStorageCrateItems.AIW\",\"SaveValue\":1},{\"SaveObjectNameId\":\"Tactical.HangingA\",\"SaveValue\":1},{\"SaveObjectNameId\":\"SonsStorySpots.WoodenCrateItems.AFO\",\"SaveValue\":1},{\"SaveObjectNameId\":\"SonsStorySpots.WoodenCrateItems.AHR\",\"SaveValue\":1},{\"SaveObjectNameId\":\"SonsStorySpots.BasicStorageCrateItems.ABL\",\"SaveValue\":1},{\"SaveObjectNameId\":\"SonsStorySpots.BasicStorageCrateItems.ACF\",\"SaveValue\":1},{\"SaveObjectNameId\":\"SonsStorySpots.BasicStorageCrateItems.AFM\",\"SaveValue\":1},{\"SaveObjectNameId\":\"SonsStorySpots.BasicStorageCrateItems.ARC\",\"SaveValue\":1},{\"SaveObjectNameId\":\"SonsStorySpots.BasicStorageCrateItems.ADC\"},{\"SaveObjectNameId\":\"SonsCaveC.WoodenCrateItems.AAJ\",\"SaveValue\":1},{\"SaveObjectNameId\":\"SonsCaveC.WoodenCrateItems.AAU\",\"SaveValue\":1},{\"SaveObjectNameId\":\"SonsCaveC.WoodenCrateItems.AAF\",\"SaveValue\":1},{\"SaveObjectNameId\":\"SonsCaveC.WoodenCrateItems.AAM\",\"SaveValue\":1},{\"SaveObjectNameId\":\"SonsCaveC.WoodenCrateItems.AAK\",\"SaveValue\":1},{\"SaveObjectNameId\":\"SonsCaveC.GrenadeCase.AAA\"},{\"SaveObjectNameId\":\"SonsCaveC.GrenadeCase.AAS\"},{\"SaveObjectNameId\":\"SonsCaveC.GrenadeCase.AAN\",\"SaveValue\":1},{\"SaveObjectNameId\":\"SonsCaveC.GrenadeCase.AAV\",\"SaveValue\":1},{\"SaveObjectNameId\":\"SonsCaveC.GrenadeCase.AAD\",\"SaveValue\":1},{\"SaveObjectNameId\":\"CaveC.Sluggy\",\"SaveValue\":3},{\"SaveObjectNameId\":\"SonsCaveC.AmmoCase.AAH\",\"SaveValue\":1},{\"SaveObjectNameId\":\"SonsCaveC.AmmoCase.AAQ\",\"SaveValue\":1},{\"SaveObjectNameId\":\"SonsCaveC.AmmoCase.AAI\",\"SaveValue\":1},{\"SaveObjectNameId\":\"SonsCaveC.AmmoCase.AAT\",\"SaveValue\":1},{\"SaveObjectNameId\":\"SonsCaveC.AmmoCase.AAP\",\"SaveValue\":1},{\"SaveObjectNameId\":\"SonsCaveC.AmmoCase.AAL\",\"SaveValue\":1},{\"SaveObjectNameId\":\"SonsCaveC.FlaresCase.AAE\",\"SaveValue\":1},{\"SaveObjectNameId\":\"SonsCaveC.FlaresCase.AAG\",\"SaveValue\":1},{\"SaveObjectNameId\":\"SonsCaveC.Meds.AAO\",\"SaveValue\":1},{\"SaveObjectNameId\":\"SonsCaveC.Meds.AAR\",\"SaveValue\":1},{\"SaveObjectNameId\":\"SonsCaveC.Meds.AAC\",\"SaveValue\":1},{\"SaveObjectNameId\":\"SonsCaveC.Meds.AAB\",\"SaveValue\":1},{\"SaveObjectNameId\":\"SonsCaveC.Meds.AAW\"},{\"SaveObjectNameId\":\"SonsStorySpots.BasicStorageCrateItems.AHA\",\"SaveValue\":1},{\"SaveObjectNameId\":\"SonsStorySpots.BasicStorageCrateItems.AJW\",\"SaveValue\":1},{\"SaveObjectNameId\":\"SonsStorySpots.WoodenCrateItems.AQU\",\"SaveValue\":1},{\"SaveObjectNameId\":\"SonsStorySpots.BasicStorageCrateItems.AFK\"},{\"SaveObjectNameId\":\"SonsStorySpots.BasicStorageCrateItems.AOF\"},{\"SaveObjectNameId\":\"SonsStorySpots.BasicStorageCrateItems.AKJ\"},{\"SaveObjectNameId\":\"SonsStorySpots.GraveItems.AAQ\"},{\"SaveObjectNameId\":\"SonsStorySpots.GraveItems.AIU\"},{\"SaveObjectNameId\":\"SonsStorySpots.GraveItems.ANJ\"},{\"SaveObjectNameId\":\"SonsStorySpots.WoodenCrateItems.BAZ\",\"SaveValue\":1},{\"SaveObjectNameId\":\"SonsStorySpots.WoodenCrateItems.BBB\",\"SaveValue\":1},{\"SaveObjectNameId\":\"SonsStorySpots.WoodenCrateItems.BBA\",\"SaveValue\":1},{\"SaveObjectNameId\":\"SonsStorySpots.BasicStorageCrateItems.AAZ\"},{\"SaveObjectNameId\":\"SonsStorySpots.BasicStorageCrateItems.AQD\"},{\"SaveObjectNameId\":\"SonsStorySpots.GrenadeCase.AFS\",\"SaveValue\":1},{\"SaveObjectNameId\":\"SonsStorySpots.GrenadeCase.AND\"},{\"SaveObjectNameId\":\"SonsStorySpots.BasicStorageCrateItems.AMU\",\"SaveValue\":1},{\"SaveObjectNameId\":\"SonsStorySpots.BasicStorageCrateItems.ANN\",\"SaveValue\":1},{\"SaveObjectNameId\":\"SonsStorySpots.GrenadeCase.AHZ\",\"SaveValue\":1},{\"SaveObjectNameId\":\"SonsStorySpots.WoodenCrateItems.AFG\"},{\"SaveObjectNameId\":\"SonsStorySpots.WoodenCrateItems.ARI\"},{\"SaveObjectNameId\":\"SonsStorySpots.BasicStorageCrateItems.ACA\",\"SaveValue\":1},{\"SaveObjectNameId\":\"SonsStorySpots.BasicStorageCrateItems.AJR\",\"SaveValue\":1},{\"SaveObjectNameId\":\"SonsStorySpots.FlaresCase.AFV\",\"SaveValue\":1},{\"SaveObjectNameId\":\"SonsStorySpots.WoodenCrateItems.AFJ\"},{\"SaveObjectNameId\":\"SonsStorySpots.WoodenCrateItems.AGN\"},{\"SaveObjectNameId\":\"SonsStorySpots.WoodenCrateItems.AMA\"},{\"SaveObjectNameId\":\"SonsStorySpots.GraveItems.AGW\"},{\"SaveObjectNameId\":\"SonsStorySpots.BasicStorageCrateItems.AUQ\"},{\"SaveObjectNameId\":\"SonsStorySpots.AmmoCase.AFL\",\"SaveValue\":1},{\"SaveObjectNameId\":\"SonsStorySpots.BasicStorageCrateItems.AGS\",\"SaveValue\":1},{\"SaveObjectNameId\":\"SonsStorySpots.BasicStorageCrateItems.AKZ\",\"SaveValue\":1},{\"SaveObjectNameId\":\"SonsStorySpots.GraveItems.AGY\"},{\"SaveObjectNameId\":\"SonsStorySpots.GraveItems.AMM\"},{\"SaveObjectNameId\":\"SonsStorySpots.GraveItems.AOA\"},{\"SaveObjectNameId\":\"SonsStorySpots.GraveItems.AOE\"},{\"SaveObjectNameId\":\"SonsStorySpots.BasicStorageCrateItems.AQY\",\"SaveValue\":1},{\"SaveObjectNameId\":\"SonsStorySpots.GraveItems.AJP\",\"SaveValue\":1},{\"SaveObjectNameId\":\"SonsStorySpots.GraveItems.AMK\",\"SaveValue\":1},{\"SaveObjectNameId\":\"SonsStorySpots.SuitcaseItems.AJL\",\"SaveValue\":1},{\"SaveObjectNameId\":\"SonsStorySpots.WoodenCrateItems.ACJ\",\"SaveValue\":1},{\"SaveObjectNameId\":\"SonsStorySpots.WoodenCrateItems.AGI\",\"SaveValue\":1},{\"SaveObjectNameId\":\"SonsStorySpots.WoodenCrateItems.ANP\",\"SaveValue\":1},{\"SaveObjectNameId\":\"SonsStorySpots.AmmoCase.ABA\"},{\"SaveObjectNameId\":\"SonsStorySpots.BasicStorageCrateItems.ARF\"},{\"SaveObjectNameId\":\"SonsStorySpots.SuitcaseItems.APV\"},{\"SaveObjectNameId\":\"SonsStorySpots.GraveItems.AKG\",\"SaveValue\":1},{\"SaveObjectNameId\":\"SonsStorySpots.GraveItems.AQL\",\"SaveValue\":1},{\"SaveObjectNameId\":\"SonsStorySpots.WoodenCrateItems.AAR\",\"SaveValue\":1},{\"SaveObjectNameId\":\"SonsStorySpots.WoodenCrateItems.AGD\",\"SaveValue\":1},{\"SaveObjectNameId\":\"SonsStorySpots.WoodenCrateItems.AIV\",\"SaveValue\":1},{\"SaveObjectNameId\":\"SonsStorySpots.WoodenCrateItems.AQW\",\"SaveValue\":1},{\"SaveObjectNameId\":\"SonsCaveA.WoodenCrateItems.AAH\",\"SaveValue\":1},{\"SaveObjectNameId\":\"SonsCaveA.WoodenCrateItems.AAE\",\"SaveValue\":1},{\"SaveObjectNameId\":\"SonsCaveA.WoodenCrateItems.AAJ\",\"SaveValue\":1},{\"SaveObjectNameId\":\"SonsCaveA.WoodenCrateItems.AAL\",\"SaveValue\":1},{\"SaveObjectNameId\":\"SonsCaveA.WoodenCrateItems.AAI\",\"SaveValue\":1},{\"SaveObjectNameId\":\"SonsCaveA.WoodenCrateItems.AAF\",\"SaveValue\":1},{\"SaveObjectNameId\":\"SonsCaveA.WoodenCrateItems.AAM\",\"SaveValue\":1},{\"SaveObjectNameId\":\"SonsCaveA.WoodenCrateItems.AAN\",\"SaveValue\":1},{\"SaveObjectNameId\":\"SonsCaveA.WoodenCrateItems.AAG\",\"SaveValue\":1},{\"SaveObjectNameId\":\"SonsCaveA.WoodenCrateItems.AAK\",\"SaveValue\":1},{\"SaveObjectNameId\":\"SonsCaveA.WoodenCrateItems.AAC\",\"SaveValue\":1},{\"SaveObjectNameId\":\"SonsCaveA.WoodenCrateItems.AAO\",\"SaveValue\":1},{\"SaveObjectNameId\":\"SonsCaveA.WoodenCrateItems.AAB\",\"SaveValue\":1},{\"SaveObjectNameId\":\"SonsCaveA.WoodenCrateItems.AAD\",\"SaveValue\":1},{\"SaveObjectNameId\":\"SonsCaveA.FlaresCase.AAA\",\"SaveValue\":1},{\"SaveObjectNameId\":\"CaveA.BoardsA\",\"SaveValue\":1},{\"SaveObjectNameId\":\"CaveA.BoardsB\",\"SaveValue\":1},{\"SaveObjectNameId\":\"SonsStorySpots.BasicStorageCrateItems.AUN\"},{\"SaveObjectNameId\":\"SonsStorySpots.GraveItems.AAL\"},{\"SaveObjectNameId\":\"SonsStorySpots.GraveItems.ADO\"},{\"SaveObjectNameId\":\"SonsStorySpots.GraveItems.AGX\"},{\"SaveObjectNameId\":\"SonsStorySpots.GraveItems.APB\"},{\"SaveObjectNameId\":\"SonsStorySpots.GraveItems.ARK\"},{\"SaveObjectNameId\":\"SonsStorySpots.BasicStorageCrateItems.AHY\"},{\"SaveObjectNameId\":\"SonsStorySpots.BasicStorageCrateItems.AUD\",\"SaveValue\":1},{\"SaveObjectNameId\":\"SonsStorySpots.BasicStorageCrateItems.AUE\",\"SaveValue\":1},{\"SaveObjectNameId\":\"SonsStorySpots.BasicStorageCrateItems.AFI\"},{\"SaveObjectNameId\":\"DyingTacticalA.005\",\"SaveValue\":1},{\"SaveObjectNameId\":\"SonsStorySpots.AmmoCase.ALL\",\"SaveValue\":1},{\"SaveObjectNameId\":\"SonsStorySpots.BasicStorageCrateItems.AEX\",\"SaveValue\":1},{\"SaveObjectNameId\":\"SonsStorySpots.BasicStorageCrateItems.AFF\",\"SaveValue\":1},{\"SaveObjectNameId\":\"SonsStorySpots.FlaresCase.AOU\",\"SaveValue\":1},{\"SaveObjectNameId\":\"SonsStorySpots.GrenadeCase.AAS\",\"SaveValue\":1},{\"SaveObjectNameId\":\"SonsStorySpots.Meds.AOP\",\"SaveValue\":1},{\"SaveObjectNameId\":\"SonsStorySpots.AmmoCase.AHQ\"},{\"SaveObjectNameId\":\"SonsStorySpots.BasicStorageCrateItems.AVY\"},{\"SaveObjectNameId\":\"SonsStorySpots.BasicStorageCrateItems.AWC\"},{\"SaveObjectNameId\":\"SonsStorySpots.Meds.AIK\"},{\"SaveObjectNameId\":\"SonsStorySpots.WoodenCrateItems.ACU\"},{\"SaveObjectNameId\":\"SonsStorySpots.WoodenCrateItems.ADR\"},{\"SaveObjectNameId\":\"SonsStorySpots.WoodenCrateItems.AEI\"},{\"SaveObjectNameId\":\"SonsStorySpots.WoodenCrateItems.AOZ\"},{\"SaveObjectNameId\":\"SonsStorySpots.BasicStorageCrateItems.AUI\"},{\"SaveObjectNameId\":\"SonsStorySpots.AmmoCase.ALA\"},{\"SaveObjectNameId\":\"SonsStorySpots.BasicStorageCrateItems.ACM\"},{\"SaveObjectNameId\":\"SonsStorySpots.BasicStorageCrateItems.ADX\"},{\"SaveObjectNameId\":\"SonsStorySpots.BasicStorageCrateItems.AQT\"},{\"SaveObjectNameId\":\"SonsStorySpots.Meds.AHV\"},{\"SaveObjectNameId\":\"SonsStorySpots.WoodenCrateItems.AHT\"},{\"SaveObjectNameId\":\"SonsStorySpots.WoodenCrateItems.AMT\"},{\"SaveObjectNameId\":\"SonsStorySpots.BasicStorageCrateItems.AUU\",\"SaveValue\":1},{\"SaveObjectNameId\":\"SonsStorySpots.BasicStorageCrateItems.AVO\",\"SaveValue\":1},{\"SaveObjectNameId\":\"SonsStorySpots.WoodenCrateItems.ALJ\",\"SaveValue\":1},{\"SaveObjectNameId\":\"SonsStorySpots.WoodenCrateItems.AOM\",\"SaveValue\":1},{\"SaveObjectNameId\":\"SonsStorySpots.WoodenCrateItems.AOS\",\"SaveValue\":1},{\"SaveObjectNameId\":\"SonsStorySpots.BasicStorageCrateItems.AAW\"},{\"SaveObjectNameId\":\"SonsStorySpots.BasicStorageCrateItems.AAJ\"},{\"SaveObjectNameId\":\"SonsStorySpots.BasicStorageCrateItems.AIJ\"},{\"SaveObjectNameId\":\"SonsStorySpots.SuitcaseItems.ALQ\"},{\"SaveObjectNameId\":\"SonsStorySpots.SuitcaseItems.AMN\"},{\"SaveObjectNameId\":\"BunkerEntertainment.BasicStorageCrateItems.AAB\",\"SaveValue\":1},{\"SaveObjectNameId\":\"BunkerEntertainment.BasicStorageCrateItems.AAA\",\"SaveValue\":1},{\"SaveObjectNameId\":\"BunkerEntertainment.AmmoCase.AAD\"},{\"SaveObjectNameId\":\"BunkerEntertainment.Meds.AAC\"},{\"SaveObjectNameId\":\"EntertainmentBunker.ExitDoor\"},{\"SaveObjectNameId\":\"EntertainmentBunker.EntranceDoor\"},{\"SaveObjectNameId\":\"EntertainmentBunker.ComputerRoomDoor\"},{\"SaveObjectNameId\":\"SonsStorySpots.BasicStorageCrateItems.AAC\"},{\"SaveObjectNameId\":\"SonsStorySpots.BasicStorageCrateItems.AKT\"},{\"SaveObjectNameId\":\"SonsStorySpots.BasicStorageCrateItems.AOD\"},{\"SaveObjectNameId\":\"SonsStorySpots.FlaresCase.ALT\"},{\"SaveObjectNameId\":\"SonsStorySpots.GraveItems.ACI\"},{\"SaveObjectNameId\":\"SonsStorySpots.GraveItems.ADY\"},{\"SaveObjectNameId\":\"SonsStorySpots.GraveItems.ALD\"},{\"SaveObjectNameId\":\"SonsStorySpots.GraveItems.ALN\"},{\"SaveObjectNameId\":\"SonsStorySpots.BasicStorageCrateItems.AUR\"},{\"SaveObjectNameId\":\"SonsStorySpots.BasicStorageCrateItems.ADE\",\"SaveValue\":1},{\"SaveObjectNameId\":\"SonsStorySpots.BasicStorageCrateItems.AEE\",\"SaveValue\":1},{\"SaveObjectNameId\":\"SonsStorySpots.BasicStorageCrateItems.AKF\",\"SaveValue\":1},{\"SaveObjectNameId\":\"SonsStorySpots.BasicStorageCrateItems.APM\",\"SaveValue\":1},{\"SaveObjectNameId\":\"CaveB.BoardsB\",\"SaveValue\":1},{\"SaveObjectNameId\":\"SonsCaveB.WoodenCrateItems.AAB\",\"SaveValue\":1},{\"SaveObjectNameId\":\"SonsCaveB.WoodenCrateItems.AAI\"},{\"SaveObjectNameId\":\"SonsCaveB.WoodenCrateItems.AAJ\"},{\"SaveObjectNameId\":\"SonsCaveB.WoodenCrateItems.AAE\",\"SaveValue\":1},{\"SaveObjectNameId\":\"SonsCaveB.WoodenCrateItems.AAK\"},{\"SaveObjectNameId\":\"SonsCaveB.WoodenCrateItems.AAH\"},{\"SaveObjectNameId\":\"CaveB.Sluggy\",\"SaveValue\":3},{\"SaveObjectNameId\":\"SonsCaveB.AmmoCase.AAF\",\"SaveValue\":1},{\"SaveObjectNameId\":\"SonsCaveB.AmmoCase.AAC\",\"SaveValue\":1},{\"SaveObjectNameId\":\"SonsCaveB.AmmoCase.AAA\",\"SaveValue\":1},{\"SaveObjectNameId\":\"SonsCaveB.FlaresCase.AAG\",\"SaveValue\":1},{\"SaveObjectNameId\":\"SonsCaveB.FlaresCase.AAD\",\"SaveValue\":1},{\"SaveObjectNameId\":\"CaveB.BoardsA\",\"SaveValue\":1},{\"SaveObjectNameId\":\"SonsStorySpots.BasicStorageCrateItems.ABI\"},{\"SaveObjectNameId\":\"SonsStorySpots.BasicStorageCrateItems.AOK\"},{\"SaveObjectNameId\":\"SonsStorySpots.FlaresCase.ANL\"},{\"SaveObjectNameId\":\"SonsStorySpots.BasicStorageCrateItems.AHI\"},{\"SaveObjectNameId\":\"SonsStorySpots.BasicStorageCrateItems.AGZ\"},{\"SaveObjectNameId\":\"SonsStorySpots.BasicStorageCrateItems.AES\"},{\"SaveObjectNameId\":\"SonsStorySpots.BasicStorageCrateItems.APX\",\"SaveValue\":1},{\"SaveObjectNameId\":\"SonsStorySpots.WoodenCrateItems.ACV\"},{\"SaveObjectNameId\":\"SonsStorySpots.GraveItems.AIY\"},{\"SaveObjectNameId\":\"SonsStorySpots.WoodenCrateItems.BAV\"},{\"SaveObjectNameId\":\"SonsStorySpots.WoodenCrateItems.BAT\"},{\"SaveObjectNameId\":\"SonsStorySpots.WoodenCrateItems.BAS\"},{\"SaveObjectNameId\":\"SonsStorySpots.WoodenCrateItems.BAU\"},{\"SaveObjectNameId\":\"Bunker_A.BasicStorageCrateItems.AAA\",\"SaveValue\":1},{\"SaveObjectNameId\":\"Bunker_A.BasicStorageCrateItems.AAB\",\"SaveValue\":1},{\"SaveObjectNameId\":\"BunkerFoodAndDining.BasicStorageCrateItems.AAA\",\"SaveValue\":1},{\"SaveObjectNameId\":\"BunkerFoodAndDining.BasicStorageCrateItems.AAB\",\"SaveValue\":1},{\"SaveObjectNameId\":\"BunkerFoodAndDining.BasicStorageCrateItems.AAC\",\"SaveValue\":1},{\"SaveObjectNameId\":\"BunkerFoodAndDining.PufftonBossSpawn\",\"SaveValue\":1},{\"SaveObjectNameId\":\"BunkerFoodAndDining.Cutscene.PuffysVsBadGuys\",\"SaveValue\":1},{\"SaveObjectNameId\":\"BunkerFoodAndDining.DiningDoor\",\"SaveValue\":3},{\"SaveObjectNameId\":\"BunkerFoodAndDining.EntranceDoor\",\"SaveValue\":3},{\"SaveObjectNameId\":\"BunkerFoodAndDining.EntranceHatch\",\"SaveValue\":3},{\"SaveObjectNameId\":\"SonsStorySpots.GrenadeCase.AJD\"},{\"SaveObjectNameId\":\"SonsStorySpots.BasicStorageCrateItems.AOH\"}]}"}}