{"Version":"0.0.0","Data":{"PlayerArmourSystem":"{\"Version\":\"0.0.0\",\"ArmourPieces\":[{\"ItemId\":593,\"RemainingArmourpoints\":30.0},{\"ItemId\":593,\"Slot\":1,\"RemainingArmourpoints\":80.0},{\"ItemId\":494,\"Slot\":4,\"RemainingArmourpoints\":65.0},{\"ItemId\":494,\"Slot\":5,\"RemainingArmourpoints\":65.0},{\"ItemId\":494,\"Slot\":6,\"RemainingArmourpoints\":65.0},{\"ItemId\":494,\"Slot\":7,\"RemainingArmourpoints\":65.0},{\"ItemId\":494,\"Slot\":8,\"RemainingArmourpoints\":65.0},{\"ItemId\":494,\"Slot\":9,\"RemainingArmourpoints\":47.0},{\"ItemId\":494,\"Slot\":10,\"RemainingArmourpoints\":65.0},{\"ItemId\":494,\"Slot\":11,\"RemainingArmourpoints\":65.0}]}"}}