{"Version":"0.0.0","Data":{"ScrewTreeLinkers":"{\"_builtTreeStructureData\":[{},{},{},{},{},{},{},{},{},{},{},{},{},{},{},{},{},{},{},{},{},{},{},{},{},{},{},{},{},{},{},{},{},{},{},{},{},{},{},{},{},{\"_locatorId\":\"A26AB4FF3BBD07009449F3FF\"},{\"_locatorId\":\"C1ABB3FFA37108001FC1F0FF\"},{},{},{},{},{},{},{},{},{},{},{\"_locatorId\":\"4632D5FFB06706001A5D2500\"},{},{\"_locatorId\":\"4A1EDEFF25B70500AD722400\"},{},{},{},{},{},{\"_locatorId\":\"0592E0FFDAEA0500FDBB2800\"},{},{\"_locatorId\":\"0592E0FFDAEA0500FDBB2800\"},{},{},{},{\"_locatorId\":\"07BAE8FF5A4A0D00C3EC1A00\"},{},{},{},{},{},{},{\"_locatorId\":\"85E5DEFF0CB9050098942000\"},{},{},{},{},{},{},{},{},{},{},{},{},{},{},{},{},{},{},{},{},{},{},{},{\"_locatorId\":\"877FE7FF6EED0900BCFF1F00\"},{},{\"_locatorId\":\"FDF8E5FF75D309004EB11F00\"}],\"_nodeTreeStructureData\":[]}"}}