{"Version":"0.0.0","Data":{"ScrewStructureInstances":"{\"_structures\":[{\"Id\":56,\"Pos\":{\"x\":-981.5199,\"y\":87.1164,\"z\":800.1275},\"Rot\":{\"x\":0.0248734336,\"y\":0.9994423,\"z\":0.007846963,\"w\":-0.0208547283},\"Storages\":[],\"Modules\":[]},{\"Id\":56,\"Pos\":{\"x\":-595.792847,\"y\":93.77432,\"z\":572.1749},\"Rot\":{\"x\":-0.0338543728,\"y\":0.529547,\"z\":0.000367254019,\"w\":0.847604752},\"Storages\":[],\"Modules\":[],\"SaveId\":1},{\"Id\":35,\"Pos\":{\"x\":-592.791748,\"y\":90.7545547,\"z\":565.2548},\"Rot\":{\"x\":-0.0293647982,\"y\":0.930798352,\"z\":-0.112303391,\"w\":0.346612364},\"Storages\":[{\"Version\":\"0.0.0\",\"ItemBlocks\":[{\"ItemId\":436,\"TotalCount\":5,\"UniqueItems\":[{\"Modules\":[{\"CurrentState\":1,\"TimeRemainingInState\":86400.0,\"PauseDecay\":true,\"Version\":\"0.0.0\",\"ModuleId\":3}]},{\"Modules\":[{\"CurrentState\":1,\"TimeRemainingInState\":86400.0,\"PauseDecay\":true,\"Version\":\"0.0.0\",\"ModuleId\":3}]},{\"Modules\":[{\"CurrentState\":1,\"TimeRemainingInState\":86400.0,\"PauseDecay\":true,\"Version\":\"0.0.0\",\"ModuleId\":3}]},{\"Modules\":[{\"CurrentState\":1,\"TimeRemainingInState\":86400.0,\"PauseDecay\":true,\"Version\":\"0.0.0\",\"ModuleId\":3}]},{\"Modules\":[{\"CurrentState\":1,\"TimeRemainingInState\":86400.0,\"PauseDecay\":true,\"Version\":\"0.0.0\",\"ModuleId\":3}]}]}]}],\"Modules\":[],\"SaveId\":2},{\"Id\":52,\"Pos\":{\"x\":-594.052734,\"y\":93.78048,\"z\":574.9846},\"Rot\":{\"x\":-0.011243335,\"y\":0.9994111,\"z\":0.01194259,\"w\":0.030140901},\"Storages\":[],\"Modules\":[],\"SaveId\":3},{\"Id\":52,\"Pos\":{\"x\":-590.519653,\"y\":93.60076,\"z\":575.4977},\"Rot\":{\"x\":0.000395415,\"y\":0.0111555131,\"z\":0.0354212448,\"w\":-0.999310136},\"Storages\":[],\"Modules\":[],\"SaveId\":4},{\"Id\":75,\"Pos\":{\"x\":-592.32074,\"y\":93.771965,\"z\":575.1626},\"Rot\":{\"x\":0.007986341,\"y\":0.688598156,\"z\":-0.008409112,\"w\":0.7250504},\"Storages\":[],\"Modules\":[],\"SaveId\":5},{\"Id\":52,\"Pos\":{\"x\":-592.412,\"y\":93.5304,\"z\":576.7336},\"Rot\":{\"x\":-0.0528675243,\"y\":0.6986685,\"z\":0.0544948578,\"w\":-0.711405456},\"Storages\":[],\"Modules\":[],\"SaveId\":6},{\"Id\":67,\"Pos\":{\"x\":-610.5412,\"y\":93.73585,\"z\":590.0692},\"Rot\":{\"x\":0.0163358916,\"y\":0.7678373,\"z\":0.00147786154,\"w\":0.640434861},\"Storages\":[{\"Version\":\"0.0.0\",\"ItemBlocks\":[{\"ItemId\":78,\"TotalCount\":12,\"UniqueItems\":[]}]}],\"Modules\":[],\"SaveId\":7},{\"Id\":35,\"Pos\":{\"x\":-599.994446,\"y\":91.8410645,\"z\":564.5329},\"Rot\":{\"x\":-0.0321092866,\"y\":0.8164694,\"z\":-0.168198258,\"w\":0.5514129},\"Storages\":[{\"Version\":\"0.0.0\",\"ItemBlocks\":[{\"ItemId\":436,\"TotalCount\":5,\"UniqueItems\":[{\"Modules\":[{\"CurrentState\":1,\"TimeRemainingInState\":86400.0,\"PauseDecay\":true,\"Version\":\"0.0.0\",\"ModuleId\":3}]},{\"Modules\":[{\"CurrentState\":1,\"TimeRemainingInState\":86400.0,\"PauseDecay\":true,\"Version\":\"0.0.0\",\"ModuleId\":3}]},{\"Modules\":[{\"CurrentState\":1,\"TimeRemainingInState\":86400.0,\"PauseDecay\":true,\"Version\":\"0.0.0\",\"ModuleId\":3}]},{\"Modules\":[{\"CurrentState\":1,\"TimeRemainingInState\":86400.0,\"PauseDecay\":true,\"Version\":\"0.0.0\",\"ModuleId\":3}]},{\"Modules\":[{\"CurrentState\":1,\"TimeRemainingInState\":86400.0,\"PauseDecay\":true,\"Version\":\"0.0.0\",\"ModuleId\":3}]}]}]}],\"Modules\":[],\"SaveId\":8},{\"Id\":67,\"Pos\":{\"x\":-613.722351,\"y\":93.75961,\"z\":590.7062},\"Rot\":{\"y\":0.786080956,\"w\":0.618123651},\"Storages\":[{\"Version\":\"0.0.0\",\"ItemBlocks\":[{\"ItemId\":78,\"TotalCount\":1,\"UniqueItems\":[]}]}],\"Modules\":[],\"SaveId\":9},{\"Id\":29,\"Pos\":{\"x\":-616.718,\"y\":93.75961,\"z\":590.4037},\"Rot\":{\"y\":0.124297239,\"w\":0.9922451},\"Storages\":[{\"Version\":\"0.0.0\",\"ItemBlocks\":[{\"ItemId\":392,\"TotalCount\":30,\"UniqueItems\":[]}]}],\"Modules\":[],\"SaveId\":10},{\"Id\":29,\"Pos\":{\"x\":-616.4459,\"y\":93.75961,\"z\":591.827454},\"Rot\":{\"y\":-0.1253678,\"w\":-0.9921104},\"Storages\":[{\"Version\":\"0.0.0\",\"ItemBlocks\":[{\"ItemId\":392,\"TotalCount\":30,\"UniqueItems\":[]}]}],\"Modules\":[],\"SaveId\":11},{\"Id\":42,\"Pos\":{\"x\":-573.3397,\"y\":93.19891,\"z\":586.7091},\"Rot\":{\"x\":-0.07082577,\"y\":0.3522419,\"z\":0.02302012,\"w\":0.9329413},\"Storages\":[],\"Modules\":[],\"SaveId\":12},{\"Id\":42,\"Pos\":{\"x\":-574.5506,\"y\":93.2693,\"z\":587.8839},\"Rot\":{\"x\":-0.06937689,\"y\":0.352338165,\"z\":-0.0137649272,\"w\":0.933196247},\"Storages\":[],\"Modules\":[],\"SaveId\":13},{\"Id\":42,\"Pos\":{\"x\":-575.868164,\"y\":93.39846,\"z\":589.1058},\"Rot\":{\"x\":-0.0488919839,\"y\":0.3519763,\"z\":-0.0682277,\"w\":0.9322378},\"Storages\":[],\"Modules\":[],\"SaveId\":14},{\"Id\":42,\"Pos\":{\"x\":-577.0678,\"y\":93.43568,\"z\":590.322266},\"Rot\":{\"x\":-0.0181769431,\"y\":0.3530989,\"z\":-0.01926029,\"w\":0.9352111},\"Storages\":[],\"Modules\":[],\"SaveId\":15},{\"Id\":42,\"Pos\":{\"x\":-578.3047,\"y\":93.45887,\"z\":591.3954},\"Rot\":{\"x\":-0.07913434,\"y\":0.351759464,\"z\":0.04479004,\"w\":0.9316635},\"Storages\":[],\"Modules\":[],\"SaveId\":16},{\"Id\":53,\"Pos\":{\"x\":-624.862366,\"y\":96.24686,\"z\":586.7295},\"Rot\":{\"y\":0.800471961,\"w\":0.599370241},\"Storages\":[],\"Modules\":[],\"SaveId\":17},{\"Id\":53,\"Pos\":{\"x\":-624.021057,\"y\":95.97697,\"z\":589.426636},\"Rot\":{\"y\":0.7650227,\"w\":0.644003332},\"Storages\":[],\"Modules\":[],\"SaveId\":18},{\"Id\":53,\"Pos\":{\"x\":-623.1719,\"y\":95.78032,\"z\":592.014343},\"Rot\":{\"y\":0.8039895,\"w\":0.5946435},\"Storages\":[],\"Modules\":[],\"SaveId\":19},{\"Id\":53,\"Pos\":{\"x\":-622.225464,\"y\":95.68931,\"z\":594.5589},\"Rot\":{\"y\":0.8313594,\"w\":0.5557352},\"Storages\":[],\"Modules\":[],\"SaveId\":20},{\"Id\":53,\"Pos\":{\"x\":-621.4609,\"y\":95.56194,\"z\":597.1988},\"Rot\":{\"y\":0.834611833,\"w\":0.55083853},\"Storages\":[],\"Modules\":[],\"SaveId\":21},{\"Id\":53,\"Pos\":{\"x\":-620.6033,\"y\":95.5712662,\"z\":599.841858},\"Rot\":{\"y\":0.8077942,\"w\":0.5894646},\"Storages\":[],\"Modules\":[],\"SaveId\":22},{\"Id\":53,\"Pos\":{\"x\":-619.8657,\"y\":95.52601,\"z\":601.880554},\"Rot\":{\"y\":0.8785617,\"w\":0.4776289},\"Storages\":[],\"Modules\":[],\"SaveId\":23},{\"Id\":53,\"Pos\":{\"x\":-617.4942,\"y\":95.58751,\"z\":601.6618},\"Rot\":{\"y\":0.9804179,\"w\":-0.1969283},\"Storages\":[],\"Modules\":[],\"SaveId\":24},{\"Id\":53,\"Pos\":{\"x\":-614.895569,\"y\":95.66146,\"z\":600.86554},\"Rot\":{\"y\":0.9789285,\"w\":-0.204203323},\"Storages\":[],\"Modules\":[],\"SaveId\":25},{\"Id\":53,\"Pos\":{\"x\":-612.2812,\"y\":95.63811,\"z\":599.9816},\"Rot\":{\"y\":0.9840076,\"w\":-0.178126648},\"Storages\":[],\"Modules\":[],\"SaveId\":26},{\"Id\":53,\"Pos\":{\"x\":-610.1219,\"y\":95.67803,\"z\":599.2792},\"Rot\":{\"y\":0.986605346,\"w\":-0.163125485},\"Storages\":[],\"Modules\":[],\"SaveId\":27},{\"Id\":53,\"Pos\":{\"x\":-607.931763,\"y\":95.42787,\"z\":598.5692},\"Rot\":{\"y\":0.9946722,\"w\":-0.103088796},\"Storages\":[],\"Modules\":[],\"SaveId\":28},{\"Id\":53,\"Pos\":{\"x\":-630.5461,\"y\":95.78267,\"z\":568.8949},\"Rot\":{\"y\":0.7830009,\"w\":0.6220206},\"Storages\":[],\"Modules\":[],\"SaveId\":29},{\"Id\":53,\"Pos\":{\"x\":-627.9757,\"y\":96.01126,\"z\":576.655945},\"Rot\":{\"y\":0.831292,\"w\":0.555836},\"Storages\":[],\"Modules\":[],\"SaveId\":30},{\"Id\":53,\"Pos\":{\"x\":-628.8022,\"y\":95.81092,\"z\":574.0595},\"Rot\":{\"y\":0.816193163,\"w\":0.5777792},\"Storages\":[],\"Modules\":[],\"SaveId\":31},{\"Id\":53,\"Pos\":{\"x\":-619.8346,\"y\":95.38563,\"z\":557.247864},\"Rot\":{\"y\":0.118286155,\"w\":0.9929796},\"Storages\":[],\"Modules\":[],\"SaveId\":32},{\"Id\":53,\"Pos\":{\"x\":-625.1157,\"y\":95.79622,\"z\":558.8581},\"Rot\":{\"y\":0.0835104361,\"w\":0.9965069},\"Storages\":[],\"Modules\":[],\"SaveId\":33},{\"Id\":53,\"Pos\":{\"x\":-631.3237,\"y\":95.8439,\"z\":566.07},\"Rot\":{\"y\":0.755658746,\"w\":0.6549656},\"Storages\":[],\"Modules\":[],\"SaveId\":34},{\"Id\":53,\"Pos\":{\"x\":-632.312439,\"y\":96.1657639,\"z\":563.4259},\"Rot\":{\"y\":0.828556657,\"w\":0.559905231},\"Storages\":[],\"Modules\":[],\"SaveId\":35},{\"Id\":53,\"Pos\":{\"x\":-632.805359,\"y\":96.3171,\"z\":561.4165},\"Rot\":{\"y\":0.2921212,\"w\":0.9563813},\"Storages\":[],\"Modules\":[],\"SaveId\":36},{\"Id\":53,\"Pos\":{\"x\":-630.278564,\"y\":96.26805,\"z\":560.539063},\"Rot\":{\"y\":0.167812079,\"w\":0.985819042},\"Storages\":[],\"Modules\":[],\"SaveId\":37},{\"Id\":53,\"Pos\":{\"x\":-627.724365,\"y\":96.07133,\"z\":559.633057},\"Rot\":{\"y\":0.115939945,\"w\":0.9932563},\"Storages\":[],\"Modules\":[],\"SaveId\":38},{\"Id\":53,\"Pos\":{\"x\":-617.1738,\"y\":95.19956,\"z\":556.3359},\"Rot\":{\"y\":0.165672809,\"w\":0.9861808},\"Storages\":[],\"Modules\":[],\"SaveId\":39},{\"Id\":53,\"Pos\":{\"x\":-614.5074,\"y\":95.1744156,\"z\":555.48584},\"Rot\":{\"y\":0.174452782,\"w\":0.9846656},\"Storages\":[],\"Modules\":[],\"SaveId\":40},{\"Id\":53,\"Pos\":{\"x\":-611.858948,\"y\":95.1724243,\"z\":554.652344},\"Rot\":{\"y\":0.137583882,\"w\":0.990490139},\"Storages\":[],\"Modules\":[],\"SaveId\":41},{\"Id\":53,\"Pos\":{\"x\":-607.611938,\"y\":95.02491,\"z\":553.1096},\"Rot\":{\"y\":0.135459319,\"w\":0.9907829},\"Storages\":[],\"Modules\":[],\"SaveId\":42},{\"Id\":53,\"Pos\":{\"x\":-624.5415,\"y\":96.56081,\"z\":591.790039},\"Rot\":{\"y\":-0.7071067,\"w\":0.7071068},\"Storages\":[],\"Modules\":[],\"SaveId\":43},{\"Id\":53,\"Pos\":{\"x\":-623.5699,\"y\":96.27243,\"z\":594.4583},\"Rot\":{\"y\":-0.7071067,\"w\":0.7071068},\"Storages\":[],\"Modules\":[],\"SaveId\":44},{\"Id\":53,\"Pos\":{\"x\":-622.779053,\"y\":96.15046,\"z\":597.134949},\"Rot\":{\"y\":-0.5887222,\"w\":0.8083355},\"Storages\":[],\"Modules\":[],\"SaveId\":45},{\"Id\":53,\"Pos\":{\"x\":-621.9144,\"y\":96.11038,\"z\":599.726135},\"Rot\":{\"y\":-0.7071105,\"w\":0.707103},\"Storages\":[],\"Modules\":[],\"SaveId\":46},{\"Id\":53,\"Pos\":{\"x\":-621.247,\"y\":96.34421,\"z\":601.8867},\"Rot\":{\"y\":-0.7071088,\"w\":0.707104743},\"Storages\":[],\"Modules\":[],\"SaveId\":47},{\"Id\":53,\"Pos\":{\"x\":-619.632263,\"y\":96.331604,\"z\":603.694153},\"Rot\":{\"y\":-2.992426E-06,\"w\":1.0},\"Storages\":[],\"Modules\":[],\"SaveId\":48},{\"Id\":53,\"Pos\":{\"x\":-617.559,\"y\":96.30983,\"z\":603.014343},\"Rot\":{\"y\":-2.992426E-06,\"w\":1.0},\"Storages\":[],\"Modules\":[],\"SaveId\":49},{\"Id\":53,\"Pos\":{\"x\":-614.5343,\"y\":96.30911,\"z\":602.0676},\"Rot\":{\"y\":-2.992426E-06,\"w\":1.0},\"Storages\":[],\"Modules\":[],\"SaveId\":50},{\"Id\":53,\"Pos\":{\"x\":-607.927246,\"y\":96.086,\"z\":599.8353},\"Rot\":{\"y\":-0.342568249,\"w\":0.939492941},\"Storages\":[],\"Modules\":[],\"SaveId\":51},{\"Id\":53,\"Pos\":{\"x\":-609.6094,\"y\":96.38222,\"z\":600.592468},\"Rot\":{\"y\":0.1521119,\"w\":0.9883633},\"Storages\":[],\"Modules\":[],\"SaveId\":52},{\"Id\":53,\"Pos\":{\"x\":-611.7956,\"y\":96.50714,\"z\":601.27655},\"Rot\":{\"y\":0.1521119,\"w\":0.9883633},\"Storages\":[],\"Modules\":[],\"SaveId\":53},{\"Id\":53,\"Pos\":{\"x\":-626.8739,\"y\":97.070755,\"z\":584.4249},\"Rot\":{\"y\":-0.5887222,\"w\":0.8083355},\"Storages\":[],\"Modules\":[],\"SaveId\":54},{\"Id\":53,\"Pos\":{\"x\":-626.1592,\"y\":97.03585,\"z\":586.642761},\"Rot\":{\"y\":-0.588722169,\"w\":0.8083355},\"Storages\":[],\"Modules\":[],\"SaveId\":55},{\"Id\":53,\"Pos\":{\"x\":-622.8044,\"y\":95.67161,\"z\":558.173},\"Rot\":{\"y\":0.297180772,\"w\":0.9548212},\"Storages\":[],\"Modules\":[],\"SaveId\":56},{\"Id\":53,\"Pos\":{\"x\":-629.660767,\"y\":95.567894,\"z\":571.465759},\"Rot\":{\"y\":0.8055074,\"w\":0.5925857},\"Storages\":[],\"Modules\":[],\"SaveId\":57},{\"Id\":36,\"Pos\":{\"x\":-617.3893,\"y\":93.75961,\"z\":596.1696},\"Rot\":{\"y\":-0.99999994,\"w\":-0.000438082236},\"Storages\":[{\"Version\":\"0.0.0\",\"ItemBlocks\":[{\"ItemId\":593,\"TotalCount\":1,\"UniqueItems\":[]}]},{\"Version\":\"0.0.0\",\"ItemBlocks\":[{\"ItemId\":593,\"TotalCount\":1,\"UniqueItems\":[]}]},{\"Version\":\"0.0.0\",\"ItemBlocks\":[{\"ItemId\":593,\"TotalCount\":1,\"UniqueItems\":[]}]},{\"Version\":\"0.0.0\",\"ItemBlocks\":[{\"ItemId\":593,\"TotalCount\":1,\"UniqueItems\":[]}]},{\"Version\":\"0.0.0\",\"ItemBlocks\":[{\"ItemId\":593,\"TotalCount\":1,\"UniqueItems\":[]}]},{\"Version\":\"0.0.0\",\"ItemBlocks\":[{\"ItemId\":593,\"TotalCount\":1,\"UniqueItems\":[]}]},{\"Version\":\"0.0.0\",\"ItemBlocks\":[{\"ItemId\":593,\"TotalCount\":1,\"UniqueItems\":[]}]},{\"Version\":\"0.0.0\",\"ItemBlocks\":[{\"ItemId\":593,\"TotalCount\":1,\"UniqueItems\":[]}]},{\"Version\":\"0.0.0\",\"ItemBlocks\":[{\"ItemId\":593,\"TotalCount\":1,\"UniqueItems\":[]}]},{\"Version\":\"0.0.0\",\"ItemBlocks\":[{\"ItemId\":593,\"TotalCount\":1,\"UniqueItems\":[]}]}],\"Modules\":[],\"SaveId\":58},{\"Id\":36,\"Pos\":{\"x\":-615.8766,\"y\":93.75961,\"z\":595.816956},\"Rot\":{\"y\":0.9947475,\"w\":-0.102359086},\"Storages\":[{\"Version\":\"0.0.0\",\"ItemBlocks\":[{\"ItemId\":494,\"TotalCount\":1,\"UniqueItems\":[]}]},{\"Version\":\"0.0.0\",\"ItemBlocks\":[{\"ItemId\":494,\"TotalCount\":1,\"UniqueItems\":[]}]},{\"Version\":\"0.0.0\",\"ItemBlocks\":[{\"ItemId\":494,\"TotalCount\":1,\"UniqueItems\":[]}]},{\"Version\":\"0.0.0\",\"ItemBlocks\":[{\"ItemId\":494,\"TotalCount\":1,\"UniqueItems\":[]}]},{\"Version\":\"0.0.0\",\"ItemBlocks\":[{\"ItemId\":494,\"TotalCount\":1,\"UniqueItems\":[]}]},{\"Version\":\"0.0.0\",\"ItemBlocks\":[]},{\"Version\":\"0.0.0\",\"ItemBlocks\":[{\"ItemId\":494,\"TotalCount\":1,\"UniqueItems\":[]}]},{\"Version\":\"0.0.0\",\"ItemBlocks\":[{\"ItemId\":494,\"TotalCount\":1,\"UniqueItems\":[]}]},{\"Version\":\"0.0.0\",\"ItemBlocks\":[{\"ItemId\":494,\"TotalCount\":1,\"UniqueItems\":[]}]},{\"Version\":\"0.0.0\",\"ItemBlocks\":[{\"ItemId\":494,\"TotalCount\":1,\"UniqueItems\":[]}]}],\"Modules\":[],\"SaveId\":59},{\"Id\":55,\"Pos\":{\"x\":-1244.38489,\"y\":136.7974,\"z\":-229.35495},\"Rot\":{\"x\":0.008835238,\"y\":0.987785459,\"z\":0.0609788857,\"w\":-0.143120378},\"Storages\":[],\"Modules\":[],\"SaveId\":60},{\"Id\":52,\"Pos\":{\"x\":-592.3183,\"y\":93.75071,\"z\":573.7045},\"Rot\":{\"x\":-0.0232407767,\"y\":-0.655672669,\"z\":0.0267336387,\"w\":-0.75421387},\"Storages\":[],\"Modules\":[],\"SaveId\":61},{\"Id\":53,\"Pos\":{\"x\":-603.4579,\"y\":95.33856,\"z\":551.579346},\"Rot\":{\"y\":-0.000518672,\"w\":0.9999999},\"Storages\":[],\"Modules\":[],\"SaveId\":62},{\"Id\":23,\"Pos\":{\"x\":-609.6353,\"y\":94.22275,\"z\":554.1043},\"Rot\":{\"y\":0.166516662,\"w\":0.9860387},\"Storages\":[],\"Modules\":[],\"SaveId\":63},{\"Id\":23,\"Pos\":{\"x\":-611.7631,\"y\":94.17539,\"z\":554.877},\"Rot\":{\"y\":0.163391188,\"w\":0.9865614},\"Storages\":[],\"Modules\":[],\"SaveId\":64},{\"Id\":23,\"Pos\":{\"x\":-614.4486,\"y\":94.2854,\"z\":555.7226},\"Rot\":{\"y\":0.152416453,\"w\":0.988316357},\"Storages\":[],\"Modules\":[],\"SaveId\":65},{\"Id\":23,\"Pos\":{\"x\":-617.104858,\"y\":94.28159,\"z\":556.5692},\"Rot\":{\"y\":0.156435549,\"w\":0.9876882},\"Storages\":[],\"Modules\":[],\"SaveId\":66},{\"Id\":53,\"Pos\":{\"x\":-625.302063,\"y\":96.9317551,\"z\":589.376953},\"Rot\":{\"y\":-0.297828346,\"w\":0.954619467},\"Storages\":[],\"Modules\":[],\"SaveId\":67},{\"Id\":23,\"Pos\":{\"x\":-619.733948,\"y\":94.27687,\"z\":557.471863},\"Rot\":{\"y\":0.156029627,\"w\":0.9877524},\"Storages\":[],\"Modules\":[],\"SaveId\":68},{\"Id\":67,\"Pos\":{\"x\":-607.8602,\"y\":93.75961,\"z\":582.690857},\"Rot\":{\"y\":-0.631059051,\"w\":-0.7757349},\"Storages\":[{\"Version\":\"0.0.0\",\"ItemBlocks\":[]}],\"Modules\":[],\"SaveId\":69},{\"Id\":67,\"Pos\":{\"x\":-614.209839,\"y\":93.75961,\"z\":586.950439},\"Rot\":{\"y\":-0.152045965,\"w\":-0.988373458},\"Storages\":[{\"Version\":\"0.0.0\",\"ItemBlocks\":[{\"ItemId\":78,\"TotalCount\":10,\"UniqueItems\":[]}]}],\"Modules\":[],\"SaveId\":70},{\"Id\":67,\"Pos\":{\"x\":-577.479065,\"y\":96.25855,\"z\":565.5554},\"Rot\":{\"y\":0.5139876,\"w\":-0.8577976},\"Storages\":[{\"Version\":\"0.0.0\",\"ItemBlocks\":[]}],\"Modules\":[],\"SaveId\":71},{\"Id\":42,\"Pos\":{\"x\":-611.1402,\"y\":93.75961,\"z\":587.910767},\"Rot\":{\"y\":0.8832891,\"w\":-0.468828768},\"Storages\":[],\"Modules\":[],\"SaveId\":72},{\"Id\":109,\"Pos\":{\"x\":-626.9205,\"y\":94.28457,\"z\":578.5423},\"Rot\":{\"y\":0.5516657,\"w\":-0.8340653},\"Storages\":[{\"Version\":\"0.0.0\",\"ItemBlocks\":[{\"ItemId\":630,\"TotalCount\":1,\"UniqueItems\":[{\"Modules\":[{\"RecipeId\":-1,\"CurrentVolume\":98,\"Version\":\"0.0.0\",\"ModuleId\":7}]}]}]}],\"Modules\":[],\"SaveId\":73},{\"Id\":109,\"Pos\":{\"x\":-627.1982,\"y\":94.22712,\"z\":577.8941},\"Rot\":{\"y\":0.5516657,\"w\":-0.8340653},\"Storages\":[{\"Version\":\"0.0.0\",\"ItemBlocks\":[{\"ItemId\":630,\"TotalCount\":1,\"UniqueItems\":[{\"Modules\":[{\"RecipeId\":-1,\"CurrentVolume\":100,\"Version\":\"0.0.0\",\"ModuleId\":7}]}]}]}],\"Modules\":[],\"SaveId\":74},{\"Id\":109,\"Pos\":{\"x\":-627.459656,\"y\":94.18727,\"z\":577.3295},\"Rot\":{\"y\":0.5516657,\"w\":-0.8340653},\"Storages\":[{\"Version\":\"0.0.0\",\"ItemBlocks\":[{\"ItemId\":630,\"TotalCount\":1,\"UniqueItems\":[{\"Modules\":[{\"RecipeId\":-1,\"CurrentVolume\":100,\"Version\":\"0.0.0\",\"ModuleId\":7}]}]}]}],\"Modules\":[],\"SaveId\":75},{\"Id\":109,\"Pos\":{\"x\":-627.92395,\"y\":94.06177,\"z\":575.551758},\"Rot\":{\"y\":0.5516657,\"w\":-0.8340653},\"Storages\":[{\"Version\":\"0.0.0\",\"ItemBlocks\":[{\"ItemId\":630,\"TotalCount\":1,\"UniqueItems\":[{\"Modules\":[{\"RecipeId\":-1,\"CurrentVolume\":100,\"Version\":\"0.0.0\",\"ModuleId\":7}]}]}]}],\"Modules\":[],\"SaveId\":76},{\"Id\":109,\"Pos\":{\"x\":-628.11145,\"y\":94.00683,\"z\":574.9127},\"Rot\":{\"y\":0.5516657,\"w\":-0.8340653},\"Storages\":[{\"Version\":\"0.0.0\",\"ItemBlocks\":[{\"ItemId\":630,\"TotalCount\":1,\"UniqueItems\":[{\"Modules\":[{\"RecipeId\":-1,\"CurrentVolume\":100,\"Version\":\"0.0.0\",\"ModuleId\":7}]}]}]}],\"Modules\":[],\"SaveId\":77},{\"Id\":109,\"Pos\":{\"x\":-627.6583,\"y\":94.10401,\"z\":576.1502},\"Rot\":{\"y\":0.5516657,\"w\":-0.8340653},\"Storages\":[{\"Version\":\"0.0.0\",\"ItemBlocks\":[{\"ItemId\":630,\"TotalCount\":1,\"UniqueItems\":[{\"Modules\":[{\"RecipeId\":-1,\"CurrentVolume\":100,\"Version\":\"0.0.0\",\"ModuleId\":7}]}]}]}],\"Modules\":[],\"SaveId\":78},{\"Id\":109,\"Pos\":{\"x\":-628.2661,\"y\":93.941124,\"z\":574.253357},\"Rot\":{\"y\":0.5516657,\"w\":-0.8340653},\"Storages\":[{\"Version\":\"0.0.0\",\"ItemBlocks\":[{\"ItemId\":630,\"TotalCount\":1,\"UniqueItems\":[{\"Modules\":[{\"RecipeId\":-1,\"CurrentVolume\":100,\"Version\":\"0.0.0\",\"ModuleId\":7}]}]}]}],\"Modules\":[],\"SaveId\":79},{\"Id\":55,\"Pos\":{\"x\":-591.5529,\"y\":97.163414,\"z\":582.4343},\"Rot\":{\"x\":-0.00962504,\"y\":0.9226432,\"z\":0.02307556,\"w\":0.3848434},\"Storages\":[],\"Modules\":[],\"SaveId\":80},{\"Id\":67,\"Pos\":{\"x\":-580.4766,\"y\":96.25954,\"z\":567.0717},\"Rot\":{\"y\":0.8498009,\"w\":0.527103961},\"Storages\":[{\"Version\":\"0.0.0\",\"ItemBlocks\":[]}],\"Modules\":[],\"SaveId\":81},{\"Id\":117,\"Pos\":{\"x\":-570.347168,\"y\":93.06141,\"z\":554.6279},\"Rot\":{\"x\":-0.000844203343,\"y\":-0.653162241,\"z\":0.0007816128,\"w\":-0.7572172},\"Storages\":[],\"Modules\":[],\"SaveId\":82},{\"Id\":55,\"Pos\":{\"x\":-656.851868,\"y\":102.962036,\"z\":600.457153},\"Rot\":{\"x\":-0.0416441821,\"y\":-0.609092236,\"z\":-0.0320527479,\"w\":0.7913565},\"Storages\":[],\"Modules\":[],\"SaveId\":83},{\"Id\":27,\"Pos\":{\"x\":-617.849731,\"y\":93.8959,\"z\":566.6634},\"Rot\":{\"x\":-0.03197596,\"y\":-0.493922561,\"z\":-0.008797653,\"w\":0.8688732},\"Storages\":[{\"Version\":\"0.0.0\",\"ItemBlocks\":[{\"ItemId\":433,\"TotalCount\":5,\"UniqueItems\":[{\"Modules\":[{\"CurrentState\":4,\"PauseDecay\":true,\"Version\":\"0.0.0\",\"ModuleId\":3}]},{\"Modules\":[{\"CurrentState\":4,\"PauseDecay\":true,\"Version\":\"0.0.0\",\"ModuleId\":3}]},{\"Modules\":[{\"CurrentState\":4,\"PauseDecay\":true,\"Version\":\"0.0.0\",\"ModuleId\":3}]},{\"Modules\":[{\"CurrentState\":4,\"PauseDecay\":true,\"Version\":\"0.0.0\",\"ModuleId\":3}]},{\"Modules\":[{\"CurrentState\":4,\"PauseDecay\":true,\"Version\":\"0.0.0\",\"ModuleId\":3}]}]}]}],\"Modules\":[],\"SaveId\":84},{\"Id\":27,\"Pos\":{\"x\":-616.6144,\"y\":93.8974838,\"z\":568.4647},\"Rot\":{\"y\":0.847908735,\"w\":0.5301423},\"Storages\":[{\"Version\":\"0.0.0\",\"ItemBlocks\":[{\"ItemId\":433,\"TotalCount\":4,\"UniqueItems\":[{\"Modules\":[{\"CurrentState\":4,\"PauseDecay\":true,\"Version\":\"0.0.0\",\"ModuleId\":3}]},{\"Modules\":[{\"CurrentState\":4,\"PauseDecay\":true,\"Version\":\"0.0.0\",\"ModuleId\":3}]},{\"Modules\":[{\"CurrentState\":4,\"PauseDecay\":true,\"Version\":\"0.0.0\",\"ModuleId\":3}]},{\"Modules\":[{\"CurrentState\":4,\"PauseDecay\":true,\"Version\":\"0.0.0\",\"ModuleId\":3}]}]}]}],\"Modules\":[],\"SaveId\":85},{\"Id\":27,\"Pos\":{\"x\":-615.8634,\"y\":93.337944,\"z\":562.5942},\"Rot\":{\"x\":-0.006091412,\"y\":-0.519728959,\"z\":-0.01001213,\"w\":0.854250848},\"Storages\":[{\"Version\":\"0.0.0\",\"ItemBlocks\":[{\"ItemId\":433,\"TotalCount\":4,\"UniqueItems\":[{\"Modules\":[{\"CurrentState\":4,\"PauseDecay\":true,\"Version\":\"0.0.0\",\"ModuleId\":3}]},{\"Modules\":[{\"CurrentState\":4,\"PauseDecay\":true,\"Version\":\"0.0.0\",\"ModuleId\":3}]},{\"Modules\":[{\"CurrentState\":4,\"PauseDecay\":true,\"Version\":\"0.0.0\",\"ModuleId\":3}]},{\"Modules\":[{\"CurrentState\":4,\"PauseDecay\":true,\"Version\":\"0.0.0\",\"ModuleId\":3}]}]}]}],\"Modules\":[],\"SaveId\":86},{\"Id\":27,\"Pos\":{\"x\":-613.7919,\"y\":93.59798,\"z\":566.612244},\"Rot\":{\"x\":0.0211363342,\"y\":0.8620833,\"z\":-0.07952219,\"w\":0.500041842},\"Storages\":[{\"Version\":\"0.0.0\",\"ItemBlocks\":[]}],\"Modules\":[],\"SaveId\":87},{\"Id\":62,\"Pos\":{\"x\":-610.4132,\"y\":93.976326,\"z\":577.3299},\"Rot\":{\"x\":0.0800653845,\"y\":0.625301242,\"z\":0.0251568351,\"w\":-0.7758576},\"Storages\":[{\"Version\":\"0.0.0\",\"ItemBlocks\":[{\"ItemId\":640,\"TotalCount\":28,\"UniqueItems\":[]}]}],\"Modules\":[],\"SaveId\":88},{\"Id\":29,\"Pos\":{\"x\":-616.968933,\"y\":93.75961,\"z\":589.316956},\"Rot\":{\"y\":0.148019627,\"w\":0.988984466},\"Storages\":[{\"Version\":\"0.0.0\",\"ItemBlocks\":[{\"ItemId\":392,\"TotalCount\":30,\"UniqueItems\":[]}]}],\"Modules\":[],\"SaveId\":89},{\"Id\":29,\"Pos\":{\"x\":-617.4541,\"y\":93.75961,\"z\":587.9101},\"Rot\":{\"y\":-0.187403381,\"w\":-0.982283056},\"Storages\":[{\"Version\":\"0.0.0\",\"ItemBlocks\":[{\"ItemId\":392,\"TotalCount\":30,\"UniqueItems\":[]}]}],\"Modules\":[],\"SaveId\":90},{\"Id\":32,\"Pos\":{\"x\":-617.8774,\"y\":93.75961,\"z\":586.7341},\"Rot\":{\"y\":0.9834364,\"w\":-0.181253612},\"Storages\":[{\"Version\":\"0.0.0\",\"ItemBlocks\":[]}],\"Modules\":[],\"SaveId\":91},{\"Id\":32,\"Pos\":{\"x\":-618.2654,\"y\":93.76493,\"z\":585.6897},\"Rot\":{\"x\":0.02331478,\"y\":0.9891005,\"z\":0.00342601421,\"w\":-0.145344391},\"Storages\":[{\"Version\":\"0.0.0\",\"ItemBlocks\":[]}],\"Modules\":[],\"SaveId\":92},{\"Id\":29,\"Pos\":{\"x\":-616.376038,\"y\":93.75961,\"z\":592.7627},\"Rot\":{\"y\":0.133473366,\"w\":0.991052449},\"Storages\":[{\"Version\":\"0.0.0\",\"ItemBlocks\":[{\"ItemId\":392,\"TotalCount\":30,\"UniqueItems\":[]}]}],\"Modules\":[],\"SaveId\":93},{\"Id\":29,\"Pos\":{\"x\":-616.0606,\"y\":93.75961,\"z\":593.7573},\"Rot\":{\"y\":-0.121685937,\"w\":-0.9925687},\"Storages\":[{\"Version\":\"0.0.0\",\"ItemBlocks\":[{\"ItemId\":392,\"TotalCount\":30,\"UniqueItems\":[]}]}],\"Modules\":[],\"SaveId\":94},{\"Id\":118,\"Pos\":{\"x\":-575.1597,\"y\":92.9396057,\"z\":553.9864},\"Rot\":{\"x\":-0.00501229428,\"y\":-0.797965646,\"z\":0.00161549356,\"w\":-0.6026799},\"Storages\":[],\"Modules\":[{\"StateDataTypeId\":5,\"ConnectedRaftId\":\"ffddb029-afe0-0005-c8da-220000000000\"}],\"SaveId\":95},{\"Id\":55,\"Pos\":{\"x\":-584.1247,\"y\":96.25091,\"z\":591.5769},\"Rot\":{\"x\":0.000505792,\"y\":0.6394676,\"z\":-0.000420694763,\"w\":0.7688178},\"Storages\":[],\"Modules\":[],\"SaveId\":96},{\"Id\":106,\"Pos\":{\"x\":-628.111755,\"y\":93.8057,\"z\":572.3447},\"Rot\":{\"y\":0.6214019,\"w\":-0.783491969},\"Storages\":[{\"Version\":\"0.0.0\",\"ItemBlocks\":[]},{\"Version\":\"0.0.0\",\"ItemBlocks\":[{\"ItemId\":484,\"TotalCount\":12,\"UniqueItems\":[]}]}],\"Modules\":[],\"SaveId\":97},{\"Id\":42,\"Pos\":{\"x\":-751.428345,\"y\":102.667923,\"z\":629.2381},\"Rot\":{\"x\":-0.0115316045,\"y\":0.178364,\"z\":0.002090491,\"w\":-0.983894765},\"Storages\":[],\"Modules\":[{\"StateDataTypeId\":4,\"CapturedAnimalProfileId\":1}],\"SaveId\":98},{\"Id\":42,\"Pos\":{\"x\":-780.9916,\"y\":102.583794,\"z\":619.8519},\"Rot\":{\"x\":-0.00159889646,\"y\":0.7719131,\"z\":-0.0164978057,\"w\":-0.635512},\"Storages\":[],\"Modules\":[],\"SaveId\":99},{\"Id\":42,\"Pos\":{\"x\":-774.9966,\"y\":103.247017,\"z\":605.4746},\"Rot\":{\"x\":-0.02505795,\"y\":0.998039961,\"z\":0.0340669,\"w\":-0.0461292453},\"Storages\":[],\"Modules\":[],\"SaveId\":100},{\"Id\":42,\"Pos\":{\"x\":-758.5944,\"y\":104.01696,\"z\":586.0076},\"Rot\":{\"x\":-0.00679667853,\"y\":0.976515234,\"z\":-0.0252847783,\"w\":-0.213851824},\"Storages\":[],\"Modules\":[],\"SaveId\":101},{\"Id\":27,\"Pos\":{\"x\":-617.1939,\"y\":93.4416962,\"z\":563.425537},\"Rot\":{\"x\":0.04973478,\"y\":0.878011167,\"z\":-0.0511403754,\"w\":0.4732944},\"Storages\":[{\"Version\":\"0.0.0\",\"ItemBlocks\":[{\"ItemId\":436,\"TotalCount\":5,\"UniqueItems\":[{\"Modules\":[{\"CurrentState\":4,\"PauseDecay\":true,\"Version\":\"0.0.0\",\"ModuleId\":3}]},{\"Modules\":[{\"CurrentState\":4,\"PauseDecay\":true,\"Version\":\"0.0.0\",\"ModuleId\":3}]},{\"Modules\":[{\"CurrentState\":4,\"PauseDecay\":true,\"Version\":\"0.0.0\",\"ModuleId\":3}]},{\"Modules\":[{\"CurrentState\":4,\"PauseDecay\":true,\"Version\":\"0.0.0\",\"ModuleId\":3}]},{\"Modules\":[{\"CurrentState\":4,\"PauseDecay\":true,\"Version\":\"0.0.0\",\"ModuleId\":3}]}]}]}],\"Modules\":[],\"SaveId\":102},{\"Id\":55,\"Pos\":{\"x\":-610.01355,\"y\":111.062683,\"z\":572.80304},\"Rot\":{\"x\":0.0568662547,\"y\":0.8569063,\"z\":-0.0968601853,\"w\":0.5030865},\"Storages\":[],\"Modules\":[],\"SaveId\":103},{\"Id\":22,\"Pos\":{\"x\":-580.444,\"y\":101.658829,\"z\":567.4683},\"Rot\":{\"y\":0.858578861,\"w\":0.512681663},\"Storages\":[],\"Modules\":[],\"SaveId\":104},{\"Id\":23,\"Pos\":{\"x\":-625.4484,\"y\":94.74331,\"z\":559.1854},\"Rot\":{\"y\":0.168269947,\"w\":0.98574096},\"Storages\":[],\"Modules\":[],\"SaveId\":105},{\"Id\":23,\"Pos\":{\"x\":-628.08844,\"y\":94.8877258,\"z\":560.0662},\"Rot\":{\"y\":0.137174129,\"w\":0.990546942},\"Storages\":[],\"Modules\":[],\"SaveId\":106},{\"Id\":55,\"Pos\":{\"x\":-576.190735,\"y\":111.362762,\"z\":627.676},\"Rot\":{\"x\":0.041256,\"y\":0.477058768,\"z\":-0.0224261321,\"w\":0.8776161},\"Storages\":[],\"Modules\":[],\"SaveId\":107},{\"Id\":55,\"Pos\":{\"x\":-498.257874,\"y\":99.59494,\"z\":692.1657},\"Rot\":{\"x\":0.0287116021,\"y\":0.9524645,\"z\":0.09493693,\"w\":-0.288052142},\"Storages\":[],\"Modules\":[],\"SaveId\":108},{\"Id\":55,\"Pos\":{\"x\":-414.949829,\"y\":229.239227,\"z\":373.448975},\"Rot\":{\"x\":0.443683535,\"y\":0.190764323,\"z\":-0.0972608551,\"w\":0.870226562},\"Storages\":[],\"Modules\":[],\"SaveId\":109},{\"Id\":55,\"Pos\":{\"x\":-400.735016,\"y\":249.039459,\"z\":394.566742},\"Rot\":{\"x\":0.221118137,\"y\":0.191934824,\"z\":-0.04443353,\"w\":0.9551406},\"Storages\":[],\"Modules\":[],\"SaveId\":110},{\"Id\":55,\"Pos\":{\"x\":-394.307617,\"y\":295.486,\"z\":337.287933},\"Rot\":{\"x\":-0.1831882,\"y\":0.7848868,\"z\":0.274031341,\"w\":0.5246919},\"Storages\":[],\"Modules\":[],\"SaveId\":111},{\"Id\":53,\"Pos\":{\"x\":-429.697723,\"y\":165.847443,\"z\":517.8986},\"Rot\":{\"y\":-0.404338062,\"w\":0.9146096},\"Storages\":[],\"Modules\":[],\"SaveId\":112},{\"Id\":53,\"Pos\":{\"x\":-425.130676,\"y\":165.8097,\"z\":516.0407},\"Rot\":{\"y\":0.932636857,\"w\":-0.360816449},\"Storages\":[],\"Modules\":[],\"SaveId\":113},{\"Id\":53,\"Pos\":{\"x\":-423.247559,\"y\":165.858978,\"z\":520.5223},\"Rot\":{\"y\":0.9146096,\"w\":0.4043381},\"Storages\":[],\"Modules\":[],\"SaveId\":114},{\"Id\":55,\"Pos\":{\"x\":-484.403168,\"y\":135.499344,\"z\":526.5783},\"Rot\":{\"x\":0.191462085,\"y\":-0.6401213,\"z\":0.169151485,\"w\":0.724551439},\"Storages\":[],\"Modules\":[],\"SaveId\":115},{\"Id\":55,\"Pos\":{\"x\":-559.647949,\"y\":103.071289,\"z\":545.1233},\"Rot\":{\"x\":-0.0128263133,\"y\":-0.473181278,\"z\":-0.006890171,\"w\":0.8808448},\"Storages\":[],\"Modules\":[],\"SaveId\":116},{\"Id\":53,\"Pos\":{\"x\":-636.785461,\"y\":117.703545,\"z\":588.781738},\"Rot\":{\"y\":0.8732564,\"w\":0.487261027},\"Storages\":[],\"Modules\":[],\"SaveId\":117},{\"Id\":53,\"Pos\":{\"x\":-637.555847,\"y\":117.674431,\"z\":587.5308},\"Rot\":{\"y\":0.8732587,\"w\":0.487256885},\"Storages\":[],\"Modules\":[],\"SaveId\":118},{\"Id\":53,\"Pos\":{\"x\":-633.950439,\"y\":115.730774,\"z\":585.156433},\"Rot\":{\"y\":0.8732576,\"w\":0.487258941},\"Storages\":[],\"Modules\":[],\"SaveId\":119},{\"Id\":53,\"Pos\":{\"x\":-633.010559,\"y\":115.628761,\"z\":586.4551},\"Rot\":{\"y\":0.976575851,\"w\":0.2151736},\"Storages\":[],\"Modules\":[],\"SaveId\":120},{\"Id\":53,\"Pos\":{\"x\":-516.4456,\"y\":102.197754,\"z\":669.961},\"Rot\":{\"y\":-0.7071068,\"w\":0.7071068},\"Storages\":[],\"Modules\":[],\"SaveId\":121},{\"Id\":53,\"Pos\":{\"x\":-511.9826,\"y\":102.192139,\"z\":665.8875},\"Rot\":{\"y\":0.9999995,\"w\":0.00102111266},\"Storages\":[],\"Modules\":[],\"SaveId\":122},{\"Id\":53,\"Pos\":{\"x\":-516.443054,\"y\":102.180878,\"z\":664.2675},\"Rot\":{\"y\":-0.7071068,\"w\":0.7071068},\"Storages\":[],\"Modules\":[],\"SaveId\":123},{\"Id\":53,\"Pos\":{\"x\":-518.031738,\"y\":102.251884,\"z\":668.8958},\"Rot\":{\"y\":-4.39422166E-07,\"w\":1.0},\"Storages\":[],\"Modules\":[],\"SaveId\":124},{\"Id\":53,\"Pos\":{\"x\":-511.858154,\"y\":102.164711,\"z\":668.8934},\"Rot\":{\"y\":8.94069743E-08,\"w\":1.0},\"Storages\":[],\"Modules\":[],\"SaveId\":125},{\"Id\":53,\"Pos\":{\"x\":-518.0138,\"y\":102.1895,\"z\":665.8909},\"Rot\":{\"y\":1.0,\"w\":-5.96046377E-08},\"Storages\":[],\"Modules\":[],\"SaveId\":126},{\"Id\":53,\"Pos\":{\"x\":-513.440247,\"y\":102.216537,\"z\":670.472351},\"Rot\":{\"y\":0.7071068,\"w\":0.7071068},\"Storages\":[],\"Modules\":[],\"SaveId\":127},{\"Id\":53,\"Pos\":{\"x\":-513.4417,\"y\":102.228661,\"z\":664.410156},\"Rot\":{\"y\":0.7071068,\"w\":0.7071068},\"Storages\":[],\"Modules\":[],\"SaveId\":128},{\"Id\":53,\"Pos\":{\"x\":-480.29715,\"y\":91.43064,\"z\":713.518433},\"Rot\":{\"y\":-0.8507853,\"w\":0.52551347},\"Storages\":[],\"Modules\":[],\"SaveId\":129},{\"Id\":53,\"Pos\":{\"x\":-476.896057,\"y\":91.3714447,\"z\":716.7602},\"Rot\":{\"y\":0.9729548,\"w\":0.230995461},\"Storages\":[],\"Modules\":[],\"SaveId\":130},{\"Id\":53,\"Pos\":{\"x\":-480.2219,\"y\":91.43941,\"z\":720.080933},\"Rot\":{\"y\":0.5255135,\"w\":0.850785255},\"Storages\":[],\"Modules\":[],\"SaveId\":131},{\"Id\":53,\"Pos\":{\"x\":-483.639252,\"y\":91.40041,\"z\":716.743958},\"Rot\":{\"y\":-0.2300018,\"w\":0.973190248},\"Storages\":[],\"Modules\":[],\"SaveId\":132},{\"Id\":53,\"Pos\":{\"x\":-477.519,\"y\":91.42101,\"z\":714.6741},\"Rot\":{\"y\":0.5255135,\"w\":0.850785255},\"Storages\":[],\"Modules\":[],\"SaveId\":133},{\"Id\":53,\"Pos\":{\"x\":-478.261475,\"y\":91.36415,\"z\":719.4367},\"Rot\":{\"y\":-0.2300018,\"w\":0.973190248},\"Storages\":[],\"Modules\":[],\"SaveId\":134},{\"Id\":53,\"Pos\":{\"x\":-482.970947,\"y\":91.39348,\"z\":718.8609},\"Rot\":{\"y\":-0.8507853,\"w\":0.52551347},\"Storages\":[],\"Modules\":[],\"SaveId\":135},{\"Id\":53,\"Pos\":{\"x\":-482.263733,\"y\":91.419075,\"z\":714.0766},\"Rot\":{\"y\":0.973190248,\"w\":0.2300018},\"Storages\":[],\"Modules\":[],\"SaveId\":136},{\"Id\":55,\"Pos\":{\"x\":-391.213684,\"y\":197.796143,\"z\":482.702942},\"Rot\":{\"x\":0.2859819,\"y\":-0.11365898,\"z\":0.0341843627,\"w\":0.9508562},\"Storages\":[],\"Modules\":[],\"SaveId\":137},{\"Id\":55,\"Pos\":{\"x\":-413.9331,\"y\":169.4334,\"z\":521.6625},\"Rot\":{\"x\":-0.00160915684,\"y\":-0.7724837,\"z\":-0.001957464,\"w\":0.6350296},\"Storages\":[],\"Modules\":[],\"SaveId\":138}]}"}}