{"Version":"0.0.0","Data":{"ZipLineManager":"{\"Version\":\"0.0.0\",\"Ziplines\":[{\"_anchorAPosition\":{\"x\":-1238.2478,\"y\":134.117477,\"z\":-208.62114},\"_anchorBPosition\":{\"x\":-1250.522,\"y\":139.47731,\"z\":-250.08876},\"_canBeDismantled\":true},{\"_anchorAPosition\":{\"x\":-607.9239,\"y\":96.01029,\"z\":598.6444},\"_anchorBPosition\":{\"x\":-575.181946,\"y\":98.3165359,\"z\":566.2243},\"_canBeDismantled\":true},{\"_anchorAPosition\":{\"x\":-612.7085,\"y\":98.14261,\"z\":588.7689},\"_anchorBPosition\":{\"x\":-700.995239,\"y\":107.781471,\"z\":612.1454},\"_canBeDismantled\":true},{\"_anchorAPosition\":{\"x\":-612.9112,\"y\":96.28943,\"z\":586.243835},\"_anchorBPosition\":{\"x\":-555.3382,\"y\":96.21239,\"z\":596.9099},\"_canBeDismantled\":true},{\"_anchorAPosition\":{\"x\":-637.31,\"y\":118.221039,\"z\":588.037231},\"_anchorBPosition\":{\"x\":-582.717041,\"y\":103.90432,\"z\":557.568848},\"_canBeDismantled\":true},{\"_anchorAPosition\":{\"x\":-637.2748,\"y\":118.221367,\"z\":588.0919},\"_anchorBPosition\":{\"x\":-515.1067,\"y\":104.50415,\"z\":667.2602},\"_canBeDismantled\":true},{\"_anchorAPosition\":{\"x\":-481.740479,\"y\":93.59356,\"z\":716.976},\"_anchorBPosition\":{\"x\":-514.775269,\"y\":105.596313,\"z\":667.3554},\"_canBeDismantled\":true},{\"_anchorAPosition\":{\"x\":-426.0954,\"y\":265.950348,\"z\":349.248749},\"_anchorBPosition\":{\"x\":-403.8043,\"y\":192.5281,\"z\":397.64917},\"_canBeDismantled\":true},{\"_anchorAPosition\":{\"x\":-420.14798,\"y\":273.624847,\"z\":348.2141},\"_anchorBPosition\":{\"x\":-381.322052,\"y\":224.454071,\"z\":440.919373},\"_canBeDismantled\":true},{\"_anchorAPosition\":{\"x\":-419.830261,\"y\":273.522125,\"z\":347.846741},\"_anchorBPosition\":{\"x\":-368.784973,\"y\":317.44986,\"z\":326.729126},\"_canBeDismantled\":true},{\"_anchorAPosition\":{\"x\":-426.633362,\"y\":168.574783,\"z\":519.4026},\"_anchorBPosition\":{\"x\":-542.173,\"y\":102.423904,\"z\":533.754},\"_canBeDismantled\":true},{\"_anchorAPosition\":{\"x\":-542.6128,\"y\":102.476151,\"z\":533.8431},\"_anchorBPosition\":{\"x\":-576.683044,\"y\":103.666435,\"z\":556.4035},\"_canBeDismantled\":true},{\"_anchorAPosition\":{\"x\":-381.184357,\"y\":225.937515,\"z\":441.350342},\"_anchorBPosition\":{\"x\":-401.243,\"y\":169.65477,\"z\":524.055542},\"_canBeDismantled\":true},{\"_anchorAPosition\":{\"x\":-401.6241,\"y\":169.369812,\"z\":524.0898},\"_anchorBPosition\":{\"x\":-426.2421,\"y\":169.496979,\"z\":519.2352},\"_canBeDismantled\":true}]}"}}